case_kind,seed,method,failure_type,progress_ratio,min_clearance_m
crossing_pedestrian,1,MIKU,unreached_or_fallback_stop,0.43548467026354176,1.9533265199102896
crossing_pedestrian,8,B1,unreached_or_fallback_stop,0.46774576292596753,2.2326794425778536
crossing_pedestrian,8,MIKU,unreached_or_fallback_stop,0.46774576292596753,2.2326794425778536
crossing_pedestrian,10,MIKU,unreached_or_fallback_stop,0.4354847968796782,1.8161557493943021
crossing_pedestrian,12,B1,unreached_or_fallback_stop,0.38709788130032924,1.7376078615260784
crossing_pedestrian,12,MIKU,unreached_or_fallback_stop,0.38709788130032924,1.7376078615260784
crossing_pedestrian,15,B1,unreached_or_fallback_stop,0.4677441894533011,1.8695953311240745
crossing_pedestrian,15,MIKU,unreached_or_fallback_stop,0.4677441894533011,1.8695953311240745
crossing_pedestrian,22,MIKU,unreached_or_fallback_stop,0.41935692609351954,1.962366336645132
crossing_pedestrian,24,B1,unreached_or_fallback_stop,0.38709815712062084,1.7379824715473593
crossing_pedestrian,24,MIKU,unreached_or_fallback_stop,0.38709815712062084,1.7379824715473593
crossing_pedestrian,28,B1,unreached_or_fallback_stop,0.4193558125280585,1.9096393323909007
crossing_pedestrian,28,MIKU,unreached_or_fallback_stop,0.4193558125280585,1.9096393323909007
crossing_pedestrian,30,MIKU,unreached_or_fallback_stop,0.4677434969625721,1.8306518841103572
crossing_pedestrian,33,B1,unreached_or_fallback_stop,0.4354850523926057,2.164587796571567
crossing_pedestrian,33,MIKU,unreached_or_fallback_stop,0.4354850523926057,2.164587796571567
crossing_pedestrian,34,B1,unreached_or_fallback_stop,0.4032267244574847,1.9811865592359792
crossing_pedestrian,36,B0,unreached_or_fallback_stop,0.9077724680483583,-5.155875726359227e-13
crossing_pedestrian,36,B1,unreached_or_fallback_stop,0.9077724680483583,-5.155875726359227e-13
crossing_pedestrian,36,B2,unreached_or_fallback_stop,0.9077724680483583,-5.155875726359227e-13
crossing_pedestrian,36,MIKU,unreached_or_fallback_stop,0.9077724680483583,-5.155875726359227e-13
crossing_pedestrian,37,B1,unreached_or_fallback_stop,0.32258246342249725,1.9977198313857654
crossing_pedestrian,37,MIKU,unreached_or_fallback_stop,0.32258246342249725,1.9977198313857654
crossing_pedestrian,41,B1,unreached_or_fallback_stop,0.4677466216407834,1.8557957540999657
crossing_pedestrian,41,MIKU,unreached_or_fallback_stop,0.4677466216407834,1.8557957540999657
crossing_pedestrian,47,B1,unreached_or_fallback_stop,0.4193584864049602,1.9463220906545244
crossing_pedestrian,47,MIKU,unreached_or_fallback_stop,0.4193584864049602,1.9463220906545244
crossing_pedestrian,49,B1,unreached_or_fallback_stop,0.25424490412040746,3.5280466322134894
crossing_pedestrian,49,B2,unreached_or_fallback_stop,0.25424490412040746,3.5280466322134894
crossing_pedestrian,49,MIKU,unreached_or_fallback_stop,0.25424490412040746,3.5280466322134894
crossing_pedestrian,56,B1,unreached_or_fallback_stop,0.3387121728573805,2.061113367345077
crossing_pedestrian,56,MIKU,unreached_or_fallback_stop,0.3387121728573805,2.061113367345077
crossing_pedestrian,58,B1,unreached_or_fallback_stop,0.43548793960528687,1.846105949733465
crossing_pedestrian,58,MIKU,unreached_or_fallback_stop,0.43548793960528687,1.846105949733465
crossing_pedestrian,59,B0,unreached_or_fallback_stop,0.9301040811128727,7.105427357601002e-15
crossing_pedestrian,59,B1,unreached_or_fallback_stop,0.9301040811128727,7.105427357601002e-15
crossing_pedestrian,59,MIKU,unreached_or_fallback_stop,0.9301040811128727,7.105427357601002e-15
crossing_pedestrian,74,B0,unreached_or_fallback_stop,0.9835098476550852,8.881784197001252e-15
crossing_pedestrian,74,B1,unreached_or_fallback_stop,0.9835098476550852,8.881784197001252e-15
crossing_pedestrian,74,B2,unreached_or_fallback_stop,0.9835098476550852,8.881784197001252e-15
crossing_pedestrian,74,MIKU,unreached_or_fallback_stop,0.9835098476550852,8.881784197001252e-15
crossing_pedestrian,79,B1,unreached_or_fallback_stop,0.45161550368829706,2.289002242233848
crossing_pedestrian,79,MIKU,unreached_or_fallback_stop,0.45161550368829706,2.289002242233848
crossing_pedestrian,92,B0,unreached_or_fallback_stop,0.9896183619173989,-2.4845014934271603e-11
crossing_pedestrian,92,B1,unreached_or_fallback_stop,0.9896183619173989,-2.4845014934271603e-11
crossing_pedestrian,92,MIKU,unreached_or_fallback_stop,0.9896183619173989,-2.4845014934271603e-11
crossing_pedestrian,97,B0,unreached_or_fallback_stop,0.9603954064796966,0.023645616798317004
crossing_pedestrian,97,B1,unreached_or_fallback_stop,0.9603954064796966,0.023645616798317004
crossing_pedestrian,97,B2,unreached_or_fallback_stop,0.9603954064796966,0.023645616798317004
crossing_pedestrian,97,MIKU,unreached_or_fallback_stop,0.9603954064796966,0.023645616798317004
vehicle_cut_in,5,B0,unreached_or_fallback_stop,0.84012380920508,0.10617631360049096
vehicle_cut_in,5,B1,unreached_or_fallback_stop,0.84012380920508,0.10617631360049096
vehicle_cut_in,5,B2,unreached_or_fallback_stop,0.84012380920508,0.10617631360049096
vehicle_cut_in,5,MIKU,unreached_or_fallback_stop,0.84012380920508,0.10617631360049096
vehicle_cut_in,26,B0,unreached_or_fallback_stop,0.8924314406703944,0.11644664810687999
vehicle_cut_in,26,B1,unreached_or_fallback_stop,0.8924314406703944,0.11644664810687999
vehicle_cut_in,26,B2,unreached_or_fallback_stop,0.8924314406703944,0.11644664810687999
vehicle_cut_in,26,MIKU,unreached_or_fallback_stop,0.8924314406703944,0.11644664810687999
vehicle_cut_in,27,B0,unreached_or_fallback_stop,0.9090685359726006,0.11646665677050816
vehicle_cut_in,27,B1,unreached_or_fallback_stop,0.9090685359726006,0.11646665677050816
vehicle_cut_in,27,B2,unreached_or_fallback_stop,0.9090685359726006,0.11646665677050816
vehicle_cut_in,27,MIKU,unreached_or_fallback_stop,0.9090685359726006,0.11646665677050816
vehicle_cut_in,28,B0,collision,1.0,-0.040003795304067724
vehicle_cut_in,28,B1,collision,1.0,-0.040003795304067724
vehicle_cut_in,28,B2,collision,1.0,-0.040003795304067724
vehicle_cut_in,28,MIKU,collision,1.0,-0.040003795304067724
vehicle_cut_in,30,B0,unreached_or_fallback_stop,0.7894517052766417,0.11330249622056598
vehicle_cut_in,30,B1,unreached_or_fallback_stop,0.7894517052766417,0.11330249622056598
vehicle_cut_in,30,B2,unreached_or_fallback_stop,0.7894517052766417,0.11330249622056598
vehicle_cut_in,30,MIKU,unreached_or_fallback_stop,0.7894517052766417,0.11330249622056598
vehicle_cut_in,31,B0,unreached_or_fallback_stop,0.9068607082467636,0.01481405891176335
vehicle_cut_in,31,B1,unreached_or_fallback_stop,0.9068607082467636,0.01481405891176335
vehicle_cut_in,31,B2,unreached_or_fallback_stop,0.9068607082467636,0.01481405891176335
vehicle_cut_in,31,MIKU,unreached_or_fallback_stop,0.9068607082467636,0.01481405891176335
vehicle_cut_in,34,B1,unreached_or_fallback_stop,0.4146354726330993,4.384823979506859
vehicle_cut_in,34,MIKU,unreached_or_fallback_stop,0.4146354726330993,4.384823979506859
vehicle_cut_in,35,B0,unreached_or_fallback_stop,0.8987447995738154,-2.6645352591003757e-15
vehicle_cut_in,35,B1,unreached_or_fallback_stop,0.8987447995738154,-2.6645352591003757e-15
vehicle_cut_in,35,B2,unreached_or_fallback_stop,0.8987447995738154,-2.6645352591003757e-15
vehicle_cut_in,35,MIKU,unreached_or_fallback_stop,0.8987447995738154,-2.6645352591003757e-15
vehicle_cut_in,40,B0,unreached_or_fallback_stop,0.863279688208161,0.12501509718866632
vehicle_cut_in,40,B1,unreached_or_fallback_stop,0.2874493929258973,4.019071174929057
vehicle_cut_in,40,B2,unreached_or_fallback_stop,0.2874493929258973,4.019071174929057
vehicle_cut_in,40,MIKU,unreached_or_fallback_stop,0.3170733073188234,3.165587827656091
vehicle_cut_in,42,MIKU,unreached_or_fallback_stop,0.5000015628677981,5.141876850634967
vehicle_cut_in,44,B1,unreached_or_fallback_stop,0.4634195052831663,4.76293604568332
vehicle_cut_in,44,MIKU,unreached_or_fallback_stop,0.4634195052831663,4.76293604568332
vehicle_cut_in,47,B0,unreached_or_fallback_stop,0.8451841658726524,0.10433996979326565
vehicle_cut_in,47,B1,unreached_or_fallback_stop,0.8451841658726524,0.10433996979326565
vehicle_cut_in,47,B2,unreached_or_fallback_stop,0.8451841658726524,0.10433996979326565
vehicle_cut_in,47,MIKU,unreached_or_fallback_stop,0.8451841658726524,0.10433996979326565
vehicle_cut_in,50,B0,collision,0.9421967727594706,-0.26438992485336765
vehicle_cut_in,50,B1,collision,0.9421967727594706,-0.26438992485336765
vehicle_cut_in,50,B2,collision,0.9421967727594706,-0.26438992485336765
vehicle_cut_in,50,MIKU,collision,0.9421967727594706,-0.26438992485336765
vehicle_cut_in,67,B0,unreached_or_fallback_stop,0.9141472861718068,0.11644637643330924
vehicle_cut_in,67,B1,unreached_or_fallback_stop,0.9141472861718068,0.11644637643330924
vehicle_cut_in,67,B2,unreached_or_fallback_stop,0.9141472861718068,0.11644637643330924
vehicle_cut_in,67,MIKU,unreached_or_fallback_stop,0.9141472861718068,0.11644637643330924
vehicle_cut_in,72,B0,unreached_or_fallback_stop,0.932985736637458,8.881784197001252e-15
vehicle_cut_in,72,B1,unreached_or_fallback_stop,0.932985736637458,8.881784197001252e-15
vehicle_cut_in,72,B2,unreached_or_fallback_stop,0.932985736637458,8.881784197001252e-15
vehicle_cut_in,72,MIKU,unreached_or_fallback_stop,0.932985736637458,8.881784197001252e-15
vehicle_cut_in,80,B0,unreached_or_fallback_stop,0.8194254179333589,0.11326163883741636
vehicle_cut_in,80,B1,unreached_or_fallback_stop,0.8194254179333589,0.11326163883741636
vehicle_cut_in,80,B2,unreached_or_fallback_stop,0.8194254179333589,0.11326163883741636
vehicle_cut_in,80,MIKU,unreached_or_fallback_stop,0.8194254179333589,0.11326163883741636
vehicle_cut_in,85,B0,collision,1.0,-0.3640374662349901
vehicle_cut_in,85,B1,collision,1.0,-0.3640374662349901
vehicle_cut_in,85,B2,collision,1.0,-0.3640374662349901
vehicle_cut_in,85,MIKU,collision,1.0,-0.3640374662349901
vehicle_cut_in,88,B0,unreached_or_fallback_stop,0.9078543605838421,0.12779190673752083
vehicle_cut_in,88,B1,unreached_or_fallback_stop,0.9078543605838421,0.12779190673752083
vehicle_cut_in,88,B2,unreached_or_fallback_stop,0.9078543605838421,0.12779190673752083
vehicle_cut_in,88,MIKU,unreached_or_fallback_stop,0.9078543605838421,0.12779190673752083
vehicle_cut_in,92,B0,unreached_or_fallback_stop,0.8328029242758768,0.11613183869392962
vehicle_cut_in,92,B1,unreached_or_fallback_stop,0.8328029242758768,0.11613183869392962
vehicle_cut_in,92,B2,unreached_or_fallback_stop,0.8328029242758768,0.11613183869392962
vehicle_cut_in,92,MIKU,unreached_or_fallback_stop,0.8328029242758768,0.11613183869392962
parked_and_oncoming,2,B0,unreached_or_fallback_stop,0.7943888957513209,0.09859511484713579
parked_and_oncoming,2,B1,unreached_or_fallback_stop,0.7943888957513209,0.09859511484714112
parked_and_oncoming,2,B2,unreached_or_fallback_stop,0.7943888957513209,0.09859511484714112
parked_and_oncoming,2,MIKU,unreached_or_fallback_stop,0.9770070868754525,0.015759758554419134
parked_and_oncoming,3,B0,unreached_or_fallback_stop,0.22955095375727522,0.19781985664843504
parked_and_oncoming,3,B1,unreached_or_fallback_stop,0.22955095375727522,0.19781985664843504
parked_and_oncoming,3,B2,unreached_or_fallback_stop,0.22955095375727522,0.19781985664843504
parked_and_oncoming,3,MIKU,unreached_or_fallback_stop,0.2639936189160531,0.1441292593981236
parked_and_oncoming,5,B0,unreached_or_fallback_stop,0.6252367119662351,0.12453905899909845
parked_and_oncoming,5,B1,unreached_or_fallback_stop,0.6252367119662351,0.12453905900105289
parked_and_oncoming,5,B2,unreached_or_fallback_stop,0.6252367119662351,0.12453905900105289
parked_and_oncoming,5,MIKU,unreached_or_fallback_stop,0.6615770951848605,0.11969984710929316
parked_and_oncoming,6,B0,unreached_or_fallback_stop,0.9136308932050826,0.012990415756187312
parked_and_oncoming,6,B1,unreached_or_fallback_stop,0.9136308932050826,0.012990415756094942
parked_and_oncoming,6,B2,unreached_or_fallback_stop,0.9136308932050826,0.012990415756094942
parked_and_oncoming,7,B0,unreached_or_fallback_stop,0.6866012824302284,0.05885356380806165
parked_and_oncoming,7,B1,unreached_or_fallback_stop,0.19309341546022926,0.26197758505395363
parked_and_oncoming,7,B2,unreached_or_fallback_stop,0.6866012824302284,0.05885356380806165
parked_and_oncoming,7,MIKU,unreached_or_fallback_stop,0.19309341546022926,0.26197758505395363
parked_and_oncoming,8,B0,unreached_or_fallback_stop,0.519512284292131,0.08164662809948453
parked_and_oncoming,8,B1,unreached_or_fallback_stop,0.10297384236005658,0.9372401746160168
parked_and_oncoming,8,B2,unreached_or_fallback_stop,0.10297384236005658,0.9372401746160168
parked_and_oncoming,8,MIKU,unreached_or_fallback_stop,0.6383337960949629,0.03895028269801992
parked_and_oncoming,9,B0,unreached_or_fallback_stop,0.5144630552194517,0.14854340049426007
parked_and_oncoming,9,B1,unreached_or_fallback_stop,0.5144630552194517,0.14854340049426007
parked_and_oncoming,9,B2,unreached_or_fallback_stop,0.5144630552194517,0.14854340049426007
parked_and_oncoming,9,MIKU,unreached_or_fallback_stop,0.5507484945767985,0.14971083190418621
parked_and_oncoming,11,B1,unreached_or_fallback_stop,0.1277834107311357,1.3430561635952194
parked_and_oncoming,11,B2,unreached_or_fallback_stop,0.1277834107311357,1.3430561635952194
parked_and_oncoming,13,B0,unreached_or_fallback_stop,0.4138020552938786,0.11509467502608839
parked_and_oncoming,13,B1,unreached_or_fallback_stop,0.4138020552938786,0.11509467502684734
parked_and_oncoming,13,B2,unreached_or_fallback_stop,0.4138020552938786,0.11509467502684734
parked_and_oncoming,13,MIKU,unreached_or_fallback_stop,0.49167369556316626,0.09004545547069753
parked_and_oncoming,14,B1,unreached_or_fallback_stop,0.34837449029593115,0.2225469742825963
parked_and_oncoming,16,B0,unreached_or_fallback_stop,0.6290374770786481,0.17575369123213314
parked_and_oncoming,16,B1,unreached_or_fallback_stop,0.6290374770786481,0.17575369123213314
parked_and_oncoming,16,B2,unreached_or_fallback_stop,0.6290374770786481,0.17575369123213314
parked_and_oncoming,16,MIKU,unreached_or_fallback_stop,0.7308010382181456,0.08764539580575104
parked_and_oncoming,17,B0,unreached_or_fallback_stop,0.4811994753548222,0.05801934191816427
parked_and_oncoming,17,B1,unreached_or_fallback_stop,0.4811994753548222,0.05801934191816738
parked_and_oncoming,17,B2,unreached_or_fallback_stop,0.4811994753548222,0.05801934191816738
parked_and_oncoming,18,B0,unreached_or_fallback_stop,0.40369398246217053,0.11742686641603584
parked_and_oncoming,18,B1,unreached_or_fallback_stop,0.40369398246217053,0.11742686641603584
parked_and_oncoming,18,B2,unreached_or_fallback_stop,0.40369398246217053,0.11742686641603584
parked_and_oncoming,18,MIKU,unreached_or_fallback_stop,0.4567430963357089,0.11210456211587116
parked_and_oncoming,21,B0,unreached_or_fallback_stop,0.19999434792068124,0.2779298461817039
parked_and_oncoming,21,B1,unreached_or_fallback_stop,0.14568008763189366,0.36391434334034956
parked_and_oncoming,21,B2,unreached_or_fallback_stop,0.19999434792068124,0.2779298461812425
parked_and_oncoming,21,MIKU,unreached_or_fallback_stop,0.22721658456244667,0.22264287768765612
parked_and_oncoming,22,B0,unreached_or_fallback_stop,0.4085130938716238,0.12566055478275118
parked_and_oncoming,22,B1,unreached_or_fallback_stop,0.10382552884047967,0.9909014783186327
parked_and_oncoming,22,B2,unreached_or_fallback_stop,0.10382552884047967,0.9909014783186327
parked_and_oncoming,22,MIKU,unreached_or_fallback_stop,0.4603256574014827,0.1165450398884662
parked_and_oncoming,23,B0,unreached_or_fallback_stop,0.8253316565358819,0.1284247607413329
parked_and_oncoming,23,B1,unreached_or_fallback_stop,0.8253316565358819,0.1284247607413329
parked_and_oncoming,23,B2,unreached_or_fallback_stop,0.8253316565358819,0.1284247607413329
parked_and_oncoming,23,MIKU,unreached_or_fallback_stop,0.9277936096327045,0.06787503049633781
parked_and_oncoming,24,B0,unreached_or_fallback_stop,0.6840710853992735,0.11030337422954184
parked_and_oncoming,24,B1,unreached_or_fallback_stop,0.6840710853992735,0.11030337422954184
parked_and_oncoming,24,B2,unreached_or_fallback_stop,0.6840710853992735,0.11030337422954184
parked_and_oncoming,24,MIKU,unreached_or_fallback_stop,0.7887140192112149,0.056391942977912723
parked_and_oncoming,25,B0,unreached_or_fallback_stop,0.3649665259593677,0.16951324537116275
parked_and_oncoming,25,B1,unreached_or_fallback_stop,0.3649665259593677,0.16951324537116275
parked_and_oncoming,25,B2,unreached_or_fallback_stop,0.3649665259593677,0.16951324537116275
parked_and_oncoming,25,MIKU,unreached_or_fallback_stop,0.4023096338395858,0.16571259188193066
parked_and_oncoming,26,B0,unreached_or_fallback_stop,0.4676537740826899,0.20862773971231263
parked_and_oncoming,26,B1,unreached_or_fallback_stop,0.4676537740826899,0.20862773971231263
parked_and_oncoming,26,B2,unreached_or_fallback_stop,0.4676537740826899,0.20862773971231263
parked_and_oncoming,26,MIKU,unreached_or_fallback_stop,0.5034897268654352,0.193265159548357
parked_and_oncoming,27,B0,unreached_or_fallback_stop,0.3293562678844499,0.0853236122119383
parked_and_oncoming,27,B1,unreached_or_fallback_stop,0.3293562678844499,0.0853236122119383
parked_and_oncoming,27,B2,unreached_or_fallback_stop,0.3293562678844499,0.0853236122119383
parked_and_oncoming,27,MIKU,unreached_or_fallback_stop,0.46548544111457635,0.02436310017030685
parked_and_oncoming,28,B0,unreached_or_fallback_stop,0.4837355145550802,0.11182404318855177
parked_and_oncoming,28,B1,unreached_or_fallback_stop,0.4837355145550802,0.11182404318855177
parked_and_oncoming,28,B2,unreached_or_fallback_stop,0.4837355145550802,0.11182404318855177
parked_and_oncoming,28,MIKU,unreached_or_fallback_stop,0.5584539934771865,0.0854015955048264
parked_and_oncoming,30,B0,unreached_or_fallback_stop,0.7455269532101323,0.1857377277449812
parked_and_oncoming,30,B1,unreached_or_fallback_stop,0.7455269532101323,0.1857377277449812
parked_and_oncoming,30,B2,unreached_or_fallback_stop,0.7455269532101323,0.1857377277449812
parked_and_oncoming,30,MIKU,unreached_or_fallback_stop,0.8130381464575891,0.13516604845910868
parked_and_oncoming,33,B1,unreached_or_fallback_stop,0.21490429601744301,0.3520850996356857
parked_and_oncoming,34,B0,unreached_or_fallback_stop,0.6835945335430972,0.17391986053123687
parked_and_oncoming,34,B1,unreached_or_fallback_stop,0.6835945335430972,0.17391986053123687
parked_and_oncoming,34,B2,unreached_or_fallback_stop,0.6835945335430972,0.17391986053123687
parked_and_oncoming,34,MIKU,unreached_or_fallback_stop,0.751492575327351,0.12639849027028283
parked_and_oncoming,36,B0,unreached_or_fallback_stop,0.2889445596299509,0.2028299513787406
parked_and_oncoming,36,B1,unreached_or_fallback_stop,0.2889445596299509,0.2028299513787406
parked_and_oncoming,36,B2,unreached_or_fallback_stop,0.2889445596299509,0.2028299513787406
parked_and_oncoming,36,MIKU,unreached_or_fallback_stop,0.3456316407555963,0.16169099451496693
parked_and_oncoming,37,B0,unreached_or_fallback_stop,0.6840913698885782,0.09974400557014418
parked_and_oncoming,37,B1,unreached_or_fallback_stop,0.6840913698885782,0.09974400557014418
parked_and_oncoming,37,B2,unreached_or_fallback_stop,0.6840913698885782,0.09974400557014418
parked_and_oncoming,38,B0,unreached_or_fallback_stop,0.6645370202775668,0.04862457368109174
parked_and_oncoming,38,B1,unreached_or_fallback_stop,0.6645370202775668,0.04862457368109174
parked_and_oncoming,38,B2,unreached_or_fallback_stop,0.6645370202775668,0.04862457368109174
parked_and_oncoming,41,B0,unreached_or_fallback_stop,0.6161708652706515,0.11036231487725834
parked_and_oncoming,41,B1,unreached_or_fallback_stop,0.6161708652706515,0.11036231487725834
parked_and_oncoming,41,B2,unreached_or_fallback_stop,0.6161708652706515,0.11036231487725834
parked_and_oncoming,41,MIKU,unreached_or_fallback_stop,0.7140556817928044,0.05722405580735623
parked_and_oncoming,43,B1,unreached_or_fallback_stop,0.09154491576875431,1.1123232516123922
parked_and_oncoming,43,B2,unreached_or_fallback_stop,0.09154491576875431,1.1123232516123922
parked_and_oncoming,44,B0,unreached_or_fallback_stop,0.6225555331244172,0.11046900648656521
parked_and_oncoming,44,B1,unreached_or_fallback_stop,0.6225555331244172,0.11046900648671176
parked_and_oncoming,44,B2,unreached_or_fallback_stop,0.6225555331244172,0.11046900648671176
parked_and_oncoming,44,MIKU,unreached_or_fallback_stop,0.8194628926400395,0.012754309251187479
parked_and_oncoming,45,B0,unreached_or_fallback_stop,0.9848870641410079,0.026383853943290077
parked_and_oncoming,45,B1,unreached_or_fallback_stop,0.9848870641410079,0.02638385394355463
parked_and_oncoming,45,B2,unreached_or_fallback_stop,0.9848870641410079,0.02638385394355463
parked_and_oncoming,49,B0,unreached_or_fallback_stop,0.15808935159927726,0.3167935544126912
parked_and_oncoming,49,B1,unreached_or_fallback_stop,0.15145479370770037,0.29796265589282434
parked_and_oncoming,49,B2,unreached_or_fallback_stop,0.15808935159927726,0.3167935544127991
parked_and_oncoming,49,MIKU,unreached_or_fallback_stop,0.16472479778557975,0.3155276539112546
parked_and_oncoming,51,B0,unreached_or_fallback_stop,0.46530066664962383,0.18522252438053277
parked_and_oncoming,51,B1,unreached_or_fallback_stop,0.46530066664962383,0.18522252438011977
parked_and_oncoming,51,B2,unreached_or_fallback_stop,0.46530066664962383,0.18522252438011977
parked_and_oncoming,51,MIKU,unreached_or_fallback_stop,0.5038525256859254,0.16255429398648236
parked_and_oncoming,57,B0,unreached_or_fallback_stop,0.4458622037586162,0.10473993699271711
parked_and_oncoming,57,B1,unreached_or_fallback_stop,0.4458622037586162,0.10473993699271711
parked_and_oncoming,57,B2,unreached_or_fallback_stop,0.4458622037586162,0.10473993699271711
parked_and_oncoming,57,MIKU,unreached_or_fallback_stop,0.5978270750848866,0.024792648468719758
parked_and_oncoming,58,B0,unreached_or_fallback_stop,0.6972793791932128,0.1696167897612657
parked_and_oncoming,58,B1,unreached_or_fallback_stop,0.6972793791932128,0.1696167897616787
parked_and_oncoming,58,B2,unreached_or_fallback_stop,0.6972793791932128,0.1696167897616787
parked_and_oncoming,58,MIKU,unreached_or_fallback_stop,0.726121531555024,0.1575034615326918
parked_and_oncoming,60,B0,unreached_or_fallback_stop,0.12347488399165826,0.7581290688047586
parked_and_oncoming,60,B1,unreached_or_fallback_stop,0.17556979798792527,0.2744128526464209
parked_and_oncoming,60,B2,unreached_or_fallback_stop,0.17556979798792527,0.2744128526464209
parked_and_oncoming,60,MIKU,unreached_or_fallback_stop,0.12347488399165826,0.7581290688047586
parked_and_oncoming,61,B0,unreached_or_fallback_stop,0.6561811167047636,0.18041706905593546
parked_and_oncoming,61,B1,unreached_or_fallback_stop,0.6561811167047636,0.18041706905614507
parked_and_oncoming,61,B2,unreached_or_fallback_stop,0.6561811167047636,0.18041706905614507
parked_and_oncoming,61,MIKU,unreached_or_fallback_stop,0.6733326085068404,0.17853506973774902
parked_and_oncoming,64,B1,unreached_or_fallback_stop,0.11276336826458244,0.49600525666218154
parked_and_oncoming,66,B0,unreached_or_fallback_stop,0.11861296676273149,0.7978882209078328
parked_and_oncoming,66,B1,unreached_or_fallback_stop,0.11861296676273149,0.7978882209078328
parked_and_oncoming,66,B2,unreached_or_fallback_stop,0.11861296676273149,0.7978882209078328
parked_and_oncoming,66,MIKU,unreached_or_fallback_stop,0.5218936603853248,0.2345087478329022
parked_and_oncoming,74,B0,unreached_or_fallback_stop,0.40773099693794596,0.0892189893381552
parked_and_oncoming,74,B1,unreached_or_fallback_stop,0.11100591316961421,1.064958354738113
parked_and_oncoming,74,B2,unreached_or_fallback_stop,0.11100591316961421,1.064958354738113
parked_and_oncoming,74,MIKU,unreached_or_fallback_stop,0.5035247925454687,0.038299812223824226
parked_and_oncoming,75,B0,unreached_or_fallback_stop,0.23847953494665844,0.1982646564938899
parked_and_oncoming,75,B1,unreached_or_fallback_stop,0.23847953494665844,0.1982646564938899
parked_and_oncoming,75,B2,unreached_or_fallback_stop,0.23847953494665844,0.1982646564938899
parked_and_oncoming,75,MIKU,unreached_or_fallback_stop,0.2822498565773829,0.16840725737936557
parked_and_oncoming,76,B0,unreached_or_fallback_stop,0.5564657558012958,0.17070002157723252
parked_and_oncoming,76,B1,unreached_or_fallback_stop,0.5564657558012958,0.17070002157759046
parked_and_oncoming,76,B2,unreached_or_fallback_stop,0.5564657558012958,0.17070002157759046
parked_and_oncoming,76,MIKU,unreached_or_fallback_stop,0.5864417789539412,0.16659931276494744
parked_and_oncoming,78,B0,unreached_or_fallback_stop,0.338258436996479,0.17007311903069633
parked_and_oncoming,78,B1,unreached_or_fallback_stop,0.338258436996479,0.17007311903069633
parked_and_oncoming,78,B2,unreached_or_fallback_stop,0.338258436996479,0.17007311903069633
parked_and_oncoming,78,MIKU,unreached_or_fallback_stop,0.38618361657261524,0.1462964290578852
parked_and_oncoming,82,B0,unreached_or_fallback_stop,0.5603899863342616,0.12635436895342345
parked_and_oncoming,82,B1,unreached_or_fallback_stop,0.5603899863342616,0.12635436895342345
parked_and_oncoming,82,B2,unreached_or_fallback_stop,0.5603899863342616,0.12635436895342345
parked_and_oncoming,82,MIKU,unreached_or_fallback_stop,0.6348021013211708,0.09834270069185624
parked_and_oncoming,83,B0,unreached_or_fallback_stop,0.4317595287708988,0.22945065056575298
parked_and_oncoming,83,B1,unreached_or_fallback_stop,0.4317595287708988,0.22945065056607183
parked_and_oncoming,83,B2,unreached_or_fallback_stop,0.4317595287708988,0.22945065056607183
parked_and_oncoming,83,MIKU,unreached_or_fallback_stop,0.48175679708246016,0.19972443381570337
parked_and_oncoming,84,B0,unreached_or_fallback_stop,0.5557318281293081,0.18665348519949987
parked_and_oncoming,84,B1,unreached_or_fallback_stop,0.5557318281293081,0.18665348519949987
parked_and_oncoming,84,B2,unreached_or_fallback_stop,0.5557318281293081,0.18665348519949987
parked_and_oncoming,84,MIKU,unreached_or_fallback_stop,0.6275267810618201,0.13051058879162314
parked_and_oncoming,85,B0,unreached_or_fallback_stop,0.7988974589994318,0.056294357859031585
parked_and_oncoming,85,B1,unreached_or_fallback_stop,0.7988974589994318,0.056294357859031585
parked_and_oncoming,85,B2,unreached_or_fallback_stop,0.7988974589994318,0.056294357859031585
parked_and_oncoming,87,B0,unreached_or_fallback_stop,0.4430583714535034,0.12558965427660848
parked_and_oncoming,87,B1,unreached_or_fallback_stop,0.4430583714535034,0.12558965427660848
parked_and_oncoming,87,B2,unreached_or_fallback_stop,0.4430583714535034,0.12558965427660848
parked_and_oncoming,87,MIKU,unreached_or_fallback_stop,0.5038783670490546,0.11698000799779074
parked_and_oncoming,88,B1,unreached_or_fallback_stop,0.15341917405043848,0.49341903885360816
parked_and_oncoming,88,B2,unreached_or_fallback_stop,0.12327407238539653,1.319096565676193
parked_and_oncoming,90,B0,unreached_or_fallback_stop,0.7257176775158138,0.18321132184399813
parked_and_oncoming,90,B1,unreached_or_fallback_stop,0.7257176775158138,0.18321132184399813
parked_and_oncoming,90,B2,unreached_or_fallback_stop,0.7257176775158138,0.18321132184399813
parked_and_oncoming,90,MIKU,unreached_or_fallback_stop,0.750643553350326,0.1730369468422599
parked_and_oncoming,92,B1,unreached_or_fallback_stop,0.1587111558937553,0.4159721466691475
parked_and_oncoming,93,B0,unreached_or_fallback_stop,0.6079929001017678,0.14396145787389925
parked_and_oncoming,93,B1,unreached_or_fallback_stop,0.6079929001017678,0.14396145787389925
parked_and_oncoming,93,B2,unreached_or_fallback_stop,0.6079929001017678,0.14396145787389925
parked_and_oncoming,93,MIKU,unreached_or_fallback_stop,0.6467983792088458,0.13295652725938023
parked_and_oncoming,98,B0,unreached_or_fallback_stop,0.66132484804722,0.07175765087654007
parked_and_oncoming,98,B1,unreached_or_fallback_stop,0.66132484804722,0.07175765087698105
parked_and_oncoming,98,B2,unreached_or_fallback_stop,0.66132484804722,0.07175765087698105
parked_and_oncoming,98,MIKU,unreached_or_fallback_stop,0.8137801246052894,0.0244125480390176
parked_and_oncoming,99,B0,unreached_or_fallback_stop,0.5876318461473375,0.0690513368067891
parked_and_oncoming,99,B1,unreached_or_fallback_stop,0.1351280912097912,0.4673090981992032
parked_and_oncoming,99,B2,unreached_or_fallback_stop,0.5876318461473375,0.06905133680616915
parked_and_oncoming,99,MIKU,unreached_or_fallback_stop,0.6427339401798273,0.06680797575919462
narrow_multi_obstacle,0,B0,unreached_or_fallback_stop,0.2564113078628398,0.9107747732313718
narrow_multi_obstacle,0,B1,unreached_or_fallback_stop,0.2564113078628398,0.968571298518175
narrow_multi_obstacle,0,B2,unreached_or_fallback_stop,0.2564113078628398,0.968571298518175
narrow_multi_obstacle,1,B0,unreached_or_fallback_stop,0.2564130729208299,1.56583927797709
narrow_multi_obstacle,1,B1,unreached_or_fallback_stop,0.2564130729208299,1.5986109843596503
narrow_multi_obstacle,1,B2,unreached_or_fallback_stop,0.2564130729208299,1.5986109843596503
narrow_multi_obstacle,1,MIKU,unreached_or_fallback_stop,0.2564130729208299,1.5874469665160023
narrow_multi_obstacle,2,B0,unreached_or_fallback_stop,0.47435897435897434,0.2999653577238912
narrow_multi_obstacle,2,B1,unreached_or_fallback_stop,0.47435897435897434,0.2999653577238912
narrow_multi_obstacle,2,B2,unreached_or_fallback_stop,0.47435897435897434,0.2999653577238912
narrow_multi_obstacle,3,B0,unreached_or_fallback_stop,0.269233716784603,0.5737480718307261
narrow_multi_obstacle,3,B1,unreached_or_fallback_stop,0.269233716784603,0.660608843494451
narrow_multi_obstacle,3,B2,unreached_or_fallback_stop,0.269233716784603,0.660608843494451
narrow_multi_obstacle,4,B0,unreached_or_fallback_stop,0.25641307479981157,1.5999310897707335
narrow_multi_obstacle,4,B1,unreached_or_fallback_stop,0.25641307479981157,1.5999310897707335
narrow_multi_obstacle,4,B2,unreached_or_fallback_stop,0.25641307479981157,1.5999310897707335
narrow_multi_obstacle,5,B0,unreached_or_fallback_stop,0.26923371484691877,1.638476190724863
narrow_multi_obstacle,5,B1,unreached_or_fallback_stop,0.26923371484691877,1.638476190724863
narrow_multi_obstacle,5,B2,unreached_or_fallback_stop,0.26923371484691877,1.638476190724863
narrow_multi_obstacle,6,B0,unreached_or_fallback_stop,0.2692337147489824,1.3217937561894468
narrow_multi_obstacle,6,B1,unreached_or_fallback_stop,0.2692337147489824,1.3583068295390734
narrow_multi_obstacle,6,B2,unreached_or_fallback_stop,0.2692337147489824,1.3583068295390734
narrow_multi_obstacle,7,B0,unreached_or_fallback_stop,0.2692337153858594,0.5246893515621246
narrow_multi_obstacle,7,B1,unreached_or_fallback_stop,0.2692337153858594,0.6135461741046248
narrow_multi_obstacle,7,B2,unreached_or_fallback_stop,0.2692337153858594,0.6135461741046248
narrow_multi_obstacle,8,B0,unreached_or_fallback_stop,0.2564130759337922,1.0598254907413311
narrow_multi_obstacle,8,B1,unreached_or_fallback_stop,0.2564130759337922,1.105693958094133
narrow_multi_obstacle,8,B2,unreached_or_fallback_stop,0.2564130759337922,1.105693958094133
narrow_multi_obstacle,8,MIKU,unreached_or_fallback_stop,0.2564130759337922,1.0908171236814328
narrow_multi_obstacle,9,B0,unreached_or_fallback_stop,0.2692328996768839,0.7179441850848048
narrow_multi_obstacle,9,B1,unreached_or_fallback_stop,0.2692328996768839,0.7854380366512655
narrow_multi_obstacle,9,B2,unreached_or_fallback_stop,0.2692328996768839,0.7854380366512655
narrow_multi_obstacle,10,B0,unreached_or_fallback_stop,0.2820534329318504,0.6166737585510417
narrow_multi_obstacle,10,B1,unreached_or_fallback_stop,0.2820534329318504,0.7014240399765039
narrow_multi_obstacle,10,B2,unreached_or_fallback_stop,0.2820534329318504,0.7014240399765039
narrow_multi_obstacle,11,B0,unreached_or_fallback_stop,0.6538461538461539,0.29941325555335285
narrow_multi_obstacle,11,B1,unreached_or_fallback_stop,0.6538461538461539,0.29941325555335285
narrow_multi_obstacle,11,B2,unreached_or_fallback_stop,0.6538461538461539,0.29941325555335285
narrow_multi_obstacle,12,B0,unreached_or_fallback_stop,0.24359074222704225,1.491843132877205
narrow_multi_obstacle,12,B1,unreached_or_fallback_stop,0.24359074222704225,1.52558233890886
narrow_multi_obstacle,12,B2,unreached_or_fallback_stop,0.24359074222704225,1.52558233890886
narrow_multi_obstacle,13,B0,unreached_or_fallback_stop,0.2692337148367227,0.8027313172290289
narrow_multi_obstacle,13,B1,unreached_or_fallback_stop,0.2692337148367227,0.8664607760897475
narrow_multi_obstacle,13,B2,unreached_or_fallback_stop,0.2692337148367227,0.8664607760897475
narrow_multi_obstacle,14,B0,unreached_or_fallback_stop,0.47435897435897434,0.28862629233307513
narrow_multi_obstacle,14,B1,unreached_or_fallback_stop,0.47435897435897434,0.28572042572595113
narrow_multi_obstacle,14,B2,unreached_or_fallback_stop,0.47435897435897434,0.28572042572595113
narrow_multi_obstacle,14,MIKU,unreached_or_fallback_stop,0.6794871794871795,0.19896259098552285
narrow_multi_obstacle,15,B0,unreached_or_fallback_stop,0.2692337128577438,1.5523094034303508
narrow_multi_obstacle,15,B1,unreached_or_fallback_stop,0.2692337128577438,1.5815162558175533
narrow_multi_obstacle,15,B2,unreached_or_fallback_stop,0.2692337128577438,1.5815162558175533
narrow_multi_obstacle,16,B0,unreached_or_fallback_stop,0.26923279567004993,1.099155679449246
narrow_multi_obstacle,16,B1,unreached_or_fallback_stop,0.26923279567004993,1.1438692570478421
narrow_multi_obstacle,16,B2,unreached_or_fallback_stop,0.26923279567004993,1.1438692570478421
narrow_multi_obstacle,17,B0,unreached_or_fallback_stop,0.46153846153846156,0.29680765693563627
narrow_multi_obstacle,17,B1,unreached_or_fallback_stop,0.46153846153846156,0.2954622212415495
narrow_multi_obstacle,17,B2,unreached_or_fallback_stop,0.46153846153846156,0.2954622212415495
narrow_multi_obstacle,17,MIKU,unreached_or_fallback_stop,0.46153846153846156,0.2324272847597354
narrow_multi_obstacle,18,B0,unreached_or_fallback_stop,0.2692337139198422,0.5976751461501412
narrow_multi_obstacle,18,B1,unreached_or_fallback_stop,0.2692337139198422,0.675057529709735
narrow_multi_obstacle,18,B2,unreached_or_fallback_stop,0.2692337139198422,0.675057529709735
narrow_multi_obstacle,19,B0,unreached_or_fallback_stop,0.2564130752620138,1.5467895409181547
narrow_multi_obstacle,19,B1,unreached_or_fallback_stop,0.2564130752620138,1.578945717859394
narrow_multi_obstacle,19,B2,unreached_or_fallback_stop,0.2564130752620138,1.578945717859394
narrow_multi_obstacle,20,B0,unreached_or_fallback_stop,0.24359045372299987,1.6104569521814898
narrow_multi_obstacle,20,B1,unreached_or_fallback_stop,0.24359045372299987,1.6104569521814898
narrow_multi_obstacle,20,B2,unreached_or_fallback_stop,0.24359045372299987,1.6104569521814898
narrow_multi_obstacle,21,B0,unreached_or_fallback_stop,0.2692337171886661,1.4934096379773951
narrow_multi_obstacle,21,B1,unreached_or_fallback_stop,0.2692337171886661,1.5244062578845172
narrow_multi_obstacle,21,B2,unreached_or_fallback_stop,0.2692337171886661,1.5244062578845172
narrow_multi_obstacle,21,MIKU,unreached_or_fallback_stop,0.2692337171886661,1.5142992808537994
narrow_multi_obstacle,22,B0,unreached_or_fallback_stop,0.2692324400761348,0.6806952891528485
narrow_multi_obstacle,22,B1,unreached_or_fallback_stop,0.2692324400761348,0.7552534039301501
narrow_multi_obstacle,22,B2,unreached_or_fallback_stop,0.2692324400761348,0.7552534039301501
narrow_multi_obstacle,22,MIKU,unreached_or_fallback_stop,0.46153846153846156,0.20923597081744968
narrow_multi_obstacle,23,B0,unreached_or_fallback_stop,0.25641307384879447,1.167640007627702
narrow_multi_obstacle,23,B1,unreached_or_fallback_stop,0.25641307384879447,1.211033753216162
narrow_multi_obstacle,23,B2,unreached_or_fallback_stop,0.25641307384879447,1.211033753216162
narrow_multi_obstacle,24,B0,unreached_or_fallback_stop,0.25641171695324216,0.9939933358224142
narrow_multi_obstacle,24,B1,unreached_or_fallback_stop,0.25641171695324216,1.045432920433341
narrow_multi_obstacle,24,B2,unreached_or_fallback_stop,0.25641171695324216,1.045432920433341
narrow_multi_obstacle,25,B0,unreached_or_fallback_stop,0.47435897435897434,0.29531204582587217
narrow_multi_obstacle,25,B1,unreached_or_fallback_stop,0.47435897435897434,0.29285312219140747
narrow_multi_obstacle,25,B2,unreached_or_fallback_stop,0.47435897435897434,0.29285312219140747
narrow_multi_obstacle,26,B0,unreached_or_fallback_stop,0.26923297613594893,1.0203906108995646
narrow_multi_obstacle,26,B1,unreached_or_fallback_stop,0.26923297613594893,1.074598350623426
narrow_multi_obstacle,26,B2,unreached_or_fallback_stop,0.26923297613594893,1.074598350623426
narrow_multi_obstacle,27,B0,unreached_or_fallback_stop,0.26923236221763913,1.3558166065697226
narrow_multi_obstacle,27,B1,unreached_or_fallback_stop,0.26923236221763913,1.3921527969671583
narrow_multi_obstacle,27,B2,unreached_or_fallback_stop,0.26923236221763913,1.3921527969671583
narrow_multi_obstacle,28,B0,unreached_or_fallback_stop,0.2564130742947273,1.1657082546976016
narrow_multi_obstacle,28,B1,unreached_or_fallback_stop,0.2564130742947273,1.2090901635318634
narrow_multi_obstacle,28,B2,unreached_or_fallback_stop,0.2564130742947273,1.2090901635318634
narrow_multi_obstacle,29,B0,unreached_or_fallback_stop,0.26923205657498,1.4232391044024293
narrow_multi_obstacle,29,B1,unreached_or_fallback_stop,0.26923205657498,1.4601418394963228
narrow_multi_obstacle,29,B2,unreached_or_fallback_stop,0.26923205657498,1.4601418394963228
narrow_multi_obstacle,30,B0,unreached_or_fallback_stop,0.46153846153846156,0.27776306878370177
narrow_multi_obstacle,30,B1,unreached_or_fallback_stop,0.46153846153846156,0.2682221165542473
narrow_multi_obstacle,30,B2,unreached_or_fallback_stop,0.46153846153846156,0.2682221165542473
narrow_multi_obstacle,31,B0,unreached_or_fallback_stop,0.2564126060309154,1.9378223445889327
narrow_multi_obstacle,31,B1,unreached_or_fallback_stop,0.2564126060309154,1.9378223445889327
narrow_multi_obstacle,31,B2,unreached_or_fallback_stop,0.2564126060309154,1.9378223445889327
narrow_multi_obstacle,31,MIKU,unreached_or_fallback_stop,0.4487183697652176,0.23430424000084624
narrow_multi_obstacle,32,B0,unreached_or_fallback_stop,0.6538461538461539,0.274049430880901
narrow_multi_obstacle,32,B1,unreached_or_fallback_stop,0.6538461538461539,0.26722984869552835
narrow_multi_obstacle,32,B2,unreached_or_fallback_stop,0.6538461538461539,0.26722984869552835
narrow_multi_obstacle,33,B0,unreached_or_fallback_stop,0.243590714576195,1.664568687486559
narrow_multi_obstacle,33,B1,unreached_or_fallback_stop,0.243590714576195,1.664568687486559
narrow_multi_obstacle,33,B2,unreached_or_fallback_stop,0.243590714576195,1.664568687486559
narrow_multi_obstacle,33,MIKU,unreached_or_fallback_stop,0.243590714576195,1.664568687486559
narrow_multi_obstacle,34,B0,unreached_or_fallback_stop,0.47435730600657094,0.2833107578267704
narrow_multi_obstacle,34,B1,unreached_or_fallback_stop,0.47435730600657094,0.2772997629787086
narrow_multi_obstacle,34,B2,unreached_or_fallback_stop,0.47435730600657094,0.2772997629787086
narrow_multi_obstacle,35,B0,unreached_or_fallback_stop,0.2820538917431052,0.49254875714691737
narrow_multi_obstacle,35,B1,unreached_or_fallback_stop,0.2820538917431052,0.5838148249871682
narrow_multi_obstacle,35,B2,unreached_or_fallback_stop,0.2820538917431052,0.5838148249871682
narrow_multi_obstacle,35,MIKU,unreached_or_fallback_stop,0.2820538917431052,0.5588796950894325
narrow_multi_obstacle,36,B0,unreached_or_fallback_stop,0.2435918837214414,1.512360572156617
narrow_multi_obstacle,36,B1,unreached_or_fallback_stop,0.2435918837214414,1.544914083555538
narrow_multi_obstacle,36,B2,unreached_or_fallback_stop,0.2435918837214414,1.544914083555538
narrow_multi_obstacle,37,B0,unreached_or_fallback_stop,0.44871794871794873,0.2939446277556683
narrow_multi_obstacle,37,B1,unreached_or_fallback_stop,0.44871794871794873,0.2939446277556683
narrow_multi_obstacle,37,B2,unreached_or_fallback_stop,0.44871794871794873,0.2939446277556683
narrow_multi_obstacle,38,B0,unreached_or_fallback_stop,0.6794871794871795,0.2955476683457395
narrow_multi_obstacle,38,B1,unreached_or_fallback_stop,0.6794871794871795,0.2940406009812788
narrow_multi_obstacle,38,B2,unreached_or_fallback_stop,0.6794871794871795,0.2940406009812788
narrow_multi_obstacle,39,B0,unreached_or_fallback_stop,0.26923300315998844,1.6013512430363002
narrow_multi_obstacle,39,B1,unreached_or_fallback_stop,0.26923300315998844,1.6013512430363002
narrow_multi_obstacle,39,B2,unreached_or_fallback_stop,0.26923300315998844,1.6013512430363002
narrow_multi_obstacle,40,B0,unreached_or_fallback_stop,0.25641123097876894,0.893387484127601
narrow_multi_obstacle,40,B1,unreached_or_fallback_stop,0.25641123097876894,0.9546591691197673
narrow_multi_obstacle,40,B2,unreached_or_fallback_stop,0.25641123097876894,0.9546591691197673
narrow_multi_obstacle,41,B0,unreached_or_fallback_stop,0.26923174848046033,0.5994732961376017
narrow_multi_obstacle,41,B1,unreached_or_fallback_stop,0.26923174848046033,0.6858004647771193
narrow_multi_obstacle,41,B2,unreached_or_fallback_stop,0.26923174848046033,0.6858004647771193
narrow_multi_obstacle,42,B0,unreached_or_fallback_stop,0.2564109347651063,1.19367762999195
narrow_multi_obstacle,42,B1,unreached_or_fallback_stop,0.2564109347651063,1.2344989278369272
narrow_multi_obstacle,42,B2,unreached_or_fallback_stop,0.2564109347651063,1.2344989278369272
narrow_multi_obstacle,42,MIKU,unreached_or_fallback_stop,0.2564109347651063,1.2232178414391137
narrow_multi_obstacle,43,B0,unreached_or_fallback_stop,0.28205331346003704,1.4203181758205132
narrow_multi_obstacle,43,B1,unreached_or_fallback_stop,0.28205331346003704,1.4533669783023198
narrow_multi_obstacle,43,B2,unreached_or_fallback_stop,0.28205331346003704,1.4533669783023198
narrow_multi_obstacle,43,MIKU,unreached_or_fallback_stop,0.28205331346003704,1.4444149668893174
narrow_multi_obstacle,44,B0,unreached_or_fallback_stop,0.2564120619948354,1.440682724346372
narrow_multi_obstacle,44,B1,unreached_or_fallback_stop,0.2564120619948354,1.4772731512039263
narrow_multi_obstacle,44,B2,unreached_or_fallback_stop,0.2564120619948354,1.4772731512039263
narrow_multi_obstacle,45,B0,unreached_or_fallback_stop,0.4615376017373174,0.27764838871774744
narrow_multi_obstacle,45,B1,unreached_or_fallback_stop,0.4615376017373174,0.26646003425888587
narrow_multi_obstacle,45,B2,unreached_or_fallback_stop,0.4615376017373174,0.26646003425888587
narrow_multi_obstacle,46,B0,unreached_or_fallback_stop,0.25641221977298667,1.457731142850157
narrow_multi_obstacle,46,B1,unreached_or_fallback_stop,0.25641221977298667,1.491087590277029
narrow_multi_obstacle,46,B2,unreached_or_fallback_stop,0.25641221977298667,1.491087590277029
narrow_multi_obstacle,47,B0,unreached_or_fallback_stop,0.2435902658338111,1.7386412415434114
narrow_multi_obstacle,47,B1,unreached_or_fallback_stop,0.2435902658338111,1.7386412415434114
narrow_multi_obstacle,47,B2,unreached_or_fallback_stop,0.2435902658338111,1.7386412415434114
narrow_multi_obstacle,47,MIKU,unreached_or_fallback_stop,0.2435902658338111,1.7386412415434114
narrow_multi_obstacle,49,B0,unreached_or_fallback_stop,0.47435897435897434,0.2927628846305705
narrow_multi_obstacle,49,B1,unreached_or_fallback_stop,0.47435897435897434,0.29025763472728605
narrow_multi_obstacle,49,B2,unreached_or_fallback_stop,0.47435897435897434,0.29025763472728605
narrow_multi_obstacle,50,B0,unreached_or_fallback_stop,0.2692337149256516,0.5932803197506117
narrow_multi_obstacle,50,B1,unreached_or_fallback_stop,0.2692337149256516,0.6791219651336765
narrow_multi_obstacle,50,B2,unreached_or_fallback_stop,0.2692337149256516,0.6791219651336765
narrow_multi_obstacle,51,B0,unreached_or_fallback_stop,0.2564130741371886,1.3911139051718584
narrow_multi_obstacle,51,B1,unreached_or_fallback_stop,0.2564130741371886,1.4295475280676273
narrow_multi_obstacle,51,B2,unreached_or_fallback_stop,0.2564130741371886,1.4295475280676273
narrow_multi_obstacle,51,MIKU,unreached_or_fallback_stop,0.2564130741371886,1.4153690375685455
narrow_multi_obstacle,52,B0,unreached_or_fallback_stop,0.25641253081879767,1.1062237417111054
narrow_multi_obstacle,52,B1,unreached_or_fallback_stop,0.25641253081879767,1.150604413658504
narrow_multi_obstacle,52,B2,unreached_or_fallback_stop,0.25641253081879767,1.150604413658504
narrow_multi_obstacle,53,B0,unreached_or_fallback_stop,0.26923194679254236,1.8993423063701333
narrow_multi_obstacle,53,B1,unreached_or_fallback_stop,0.26923194679254236,1.8993423063701333
narrow_multi_obstacle,53,B2,unreached_or_fallback_stop,0.26923194679254236,1.8993423063701333
narrow_multi_obstacle,54,B0,unreached_or_fallback_stop,0.44871794871794873,0.2963040315026936
narrow_multi_obstacle,54,B1,unreached_or_fallback_stop,0.44871794871794873,0.2951780773045109
narrow_multi_obstacle,54,B2,unreached_or_fallback_stop,0.44871794871794873,0.2951780773045109
narrow_multi_obstacle,55,B0,unreached_or_fallback_stop,0.47435897435897434,0.2862965627503122
narrow_multi_obstacle,55,B1,unreached_or_fallback_stop,0.47435897435897434,0.2821507471032569
narrow_multi_obstacle,55,B2,unreached_or_fallback_stop,0.47435897435897434,0.2821507471032569
narrow_multi_obstacle,55,MIKU,unreached_or_fallback_stop,0.47435897435897434,0.22262562653541865
narrow_multi_obstacle,56,B0,unreached_or_fallback_stop,0.256412066342611,1.333830648853591
narrow_multi_obstacle,56,B1,unreached_or_fallback_stop,0.256412066342611,1.3688035720598342
narrow_multi_obstacle,56,B2,unreached_or_fallback_stop,0.256412066342611,1.3688035720598342
narrow_multi_obstacle,57,B0,unreached_or_fallback_stop,0.6794871794871795,0.283810204405816
narrow_multi_obstacle,57,B1,unreached_or_fallback_stop,0.6794871794871795,0.283810204405816
narrow_multi_obstacle,57,B2,unreached_or_fallback_stop,0.6794871794871795,0.283810204405816
narrow_multi_obstacle,58,B0,unreached_or_fallback_stop,0.4743590342522454,0.28687305189886037
narrow_multi_obstacle,58,B1,unreached_or_fallback_stop,0.4743590342522454,0.27707383859160256
narrow_multi_obstacle,58,B2,unreached_or_fallback_stop,0.4743590342522454,0.27707383859160256
narrow_multi_obstacle,59,B0,unreached_or_fallback_stop,0.44871780342023737,0.27549759062638424
narrow_multi_obstacle,59,B1,unreached_or_fallback_stop,0.44871780342023737,0.26536049979325527
narrow_multi_obstacle,59,B2,unreached_or_fallback_stop,0.44871780342023737,0.26536049979325527
narrow_multi_obstacle,60,B0,unreached_or_fallback_stop,0.2820535819538402,0.7460387343835623
narrow_multi_obstacle,60,B1,unreached_or_fallback_stop,0.2820535819538402,0.8109665163657704
narrow_multi_obstacle,60,B2,unreached_or_fallback_stop,0.2820535819538402,0.8109665163657704
narrow_multi_obstacle,61,B0,unreached_or_fallback_stop,0.2564123165370256,0.9820771849760557
narrow_multi_obstacle,61,B1,unreached_or_fallback_stop,0.2564123165370256,1.0364689289720308
narrow_multi_obstacle,61,B2,unreached_or_fallback_stop,0.2564123165370256,1.0364689289720308
narrow_multi_obstacle,61,MIKU,unreached_or_fallback_stop,0.2564123165370256,1.0190887194935898
narrow_multi_obstacle,62,B0,unreached_or_fallback_stop,0.6666666666666666,0.2915153001794888
narrow_multi_obstacle,62,B1,unreached_or_fallback_stop,0.6666666666666666,0.2862294131601544
narrow_multi_obstacle,62,B2,unreached_or_fallback_stop,0.6666666666666666,0.2862294131601544
narrow_multi_obstacle,63,B0,unreached_or_fallback_stop,0.26923253192451096,1.699144895018566
narrow_multi_obstacle,63,B1,unreached_or_fallback_stop,0.26923253192451096,1.699144895018566
narrow_multi_obstacle,63,B2,unreached_or_fallback_stop,0.26923253192451096,1.699144895018566
narrow_multi_obstacle,64,B0,unreached_or_fallback_stop,0.6538461538461539,0.28969545423625
narrow_multi_obstacle,64,B1,unreached_or_fallback_stop,0.6538461538461539,0.2831094636472469
narrow_multi_obstacle,64,B2,unreached_or_fallback_stop,0.6538461538461539,0.2831094636472469
narrow_multi_obstacle,65,B0,unreached_or_fallback_stop,0.2692332509768777,1.4230540501593323
narrow_multi_obstacle,65,B1,unreached_or_fallback_stop,0.2692332509768777,1.4551952264984858
narrow_multi_obstacle,65,B2,unreached_or_fallback_stop,0.2692332509768777,1.4551952264984858
narrow_multi_obstacle,65,MIKU,unreached_or_fallback_stop,0.2692332509768777,1.4448455619892122
narrow_multi_obstacle,66,B0,unreached_or_fallback_stop,0.2564124870201448,1.521481479030161
narrow_multi_obstacle,66,B1,unreached_or_fallback_stop,0.2564124870201448,1.5529376170658777
narrow_multi_obstacle,66,B2,unreached_or_fallback_stop,0.2564124870201448,1.5529376170658777
narrow_multi_obstacle,66,MIKU,unreached_or_fallback_stop,0.2564124870201448,1.5412817330367097
narrow_multi_obstacle,67,B0,unreached_or_fallback_stop,0.46153846153846156,0.2847857336536135
narrow_multi_obstacle,67,B1,unreached_or_fallback_stop,0.46153846153846156,0.27948964361352796
narrow_multi_obstacle,67,B2,unreached_or_fallback_stop,0.46153846153846156,0.27948964361352796
narrow_multi_obstacle,68,B0,unreached_or_fallback_stop,0.26923257733589595,1.5299825226472799
narrow_multi_obstacle,68,B1,unreached_or_fallback_stop,0.26923257733589595,1.5299825226472799
narrow_multi_obstacle,68,B2,unreached_or_fallback_stop,0.26923257733589595,1.5299825226472799
narrow_multi_obstacle,69,B0,unreached_or_fallback_stop,0.4871820689516494,0.2978717485203368
narrow_multi_obstacle,69,B1,unreached_or_fallback_stop,0.4871820689516494,0.29736867913481224
narrow_multi_obstacle,69,B2,unreached_or_fallback_stop,0.4871820689516494,0.29736867913481224
narrow_multi_obstacle,70,B0,unreached_or_fallback_stop,0.48717920445677665,0.29679444788262366
narrow_multi_obstacle,70,B1,unreached_or_fallback_stop,0.48717920445677665,0.2935353371587567
narrow_multi_obstacle,70,B2,unreached_or_fallback_stop,0.48717920445677665,0.2935353371587567
narrow_multi_obstacle,70,MIKU,unreached_or_fallback_stop,0.48717920445677665,0.24277168521984768
narrow_multi_obstacle,71,B0,unreached_or_fallback_stop,0.2564128020497608,1.48894117768523
narrow_multi_obstacle,71,B1,unreached_or_fallback_stop,0.2564128020497608,1.5208818174533791
narrow_multi_obstacle,71,B2,unreached_or_fallback_stop,0.2564128020497608,1.5208818174533791
narrow_multi_obstacle,71,MIKU,unreached_or_fallback_stop,0.2564128020497608,1.5092099111714916
narrow_multi_obstacle,72,B0,unreached_or_fallback_stop,0.47435897435897434,0.29908883827442234
narrow_multi_obstacle,72,B1,unreached_or_fallback_stop,0.47435897435897434,0.29887756595475623
narrow_multi_obstacle,72,B2,unreached_or_fallback_stop,0.47435897435897434,0.29887756595475623
narrow_multi_obstacle,72,MIKU,unreached_or_fallback_stop,0.47435897435897434,0.2331592205756725
narrow_multi_obstacle,73,B0,unreached_or_fallback_stop,0.2435910014908884,1.2710201279745084
narrow_multi_obstacle,73,B1,unreached_or_fallback_stop,0.2435910014908884,1.312583702978948
narrow_multi_obstacle,73,B2,unreached_or_fallback_stop,0.2435910014908884,1.312583702978948
narrow_multi_obstacle,74,B0,unreached_or_fallback_stop,0.2564116883649207,1.3280251135488133
narrow_multi_obstacle,74,B1,unreached_or_fallback_stop,0.2564116883649207,1.3676290130631592
narrow_multi_obstacle,74,B2,unreached_or_fallback_stop,0.2564116883649207,1.3676290130631592
narrow_multi_obstacle,75,B0,unreached_or_fallback_stop,0.2564125216858358,1.7915229824208527
narrow_multi_obstacle,75,B1,unreached_or_fallback_stop,0.2564125216858358,1.7915229824208527
narrow_multi_obstacle,75,B2,unreached_or_fallback_stop,0.2564125216858358,1.7915229824208527
narrow_multi_obstacle,76,B0,unreached_or_fallback_stop,0.25641073195418745,0.9907004421462376
narrow_multi_obstacle,76,B1,unreached_or_fallback_stop,0.25641073195418745,1.040239937918323
narrow_multi_obstacle,76,B2,unreached_or_fallback_stop,0.25641073195418745,1.040239937918323
narrow_multi_obstacle,77,B0,unreached_or_fallback_stop,0.2692337148888059,0.5593158504901076
narrow_multi_obstacle,77,B1,unreached_or_fallback_stop,0.2692337148888059,0.6497303444511142
narrow_multi_obstacle,77,B2,unreached_or_fallback_stop,0.2692337148888059,0.6497303444511142
narrow_multi_obstacle,78,B0,unreached_or_fallback_stop,0.47435892710926325,0.28336391681198575
narrow_multi_obstacle,78,B1,unreached_or_fallback_stop,0.47435892710926325,0.2768239721684343
narrow_multi_obstacle,78,B2,unreached_or_fallback_stop,0.47435892710926325,0.2768239721684343
narrow_multi_obstacle,79,B0,unreached_or_fallback_stop,0.2564130677568847,1.1984800470141328
narrow_multi_obstacle,79,B1,unreached_or_fallback_stop,0.2564130677568847,1.2439645509948531
narrow_multi_obstacle,79,B2,unreached_or_fallback_stop,0.2564130677568847,1.2439645509948531
narrow_multi_obstacle,79,MIKU,unreached_or_fallback_stop,0.2564130677568847,1.2300406709010345
narrow_multi_obstacle,80,B0,unreached_or_fallback_stop,0.47435897435897434,0.28435007674955015
narrow_multi_obstacle,80,B1,unreached_or_fallback_stop,0.47435897435897434,0.27893910630266294
narrow_multi_obstacle,80,B2,unreached_or_fallback_stop,0.47435897435897434,0.27893910630266294
narrow_multi_obstacle,81,B0,unreached_or_fallback_stop,0.25641208263888415,1.0443751066348743
narrow_multi_obstacle,81,B1,unreached_or_fallback_stop,0.25641208263888415,1.0951647140544736
narrow_multi_obstacle,81,B2,unreached_or_fallback_stop,0.25641208263888415,1.0951647140544736
narrow_multi_obstacle,82,B0,unreached_or_fallback_stop,0.26923371440115385,0.8794043350801058
narrow_multi_obstacle,82,B1,unreached_or_fallback_stop,0.26923371440115385,0.9372411341102663
narrow_multi_obstacle,82,B2,unreached_or_fallback_stop,0.26923371440115385,0.9372411341102663
narrow_multi_obstacle,82,MIKU,unreached_or_fallback_stop,0.6666666666666666,0.17937931589474637
narrow_multi_obstacle,83,B0,unreached_or_fallback_stop,0.2564114960201401,1.976313429124685
narrow_multi_obstacle,83,B1,unreached_or_fallback_stop,0.2564114960201401,1.976313429124685
narrow_multi_obstacle,83,B2,unreached_or_fallback_stop,0.2564114960201401,1.976313429124685
narrow_multi_obstacle,84,B0,unreached_or_fallback_stop,0.26923371758808684,1.59196284911925
narrow_multi_obstacle,84,B1,unreached_or_fallback_stop,0.26923371758808684,1.59196284911925
narrow_multi_obstacle,84,B2,unreached_or_fallback_stop,0.26923371758808684,1.59196284911925
narrow_multi_obstacle,85,B0,unreached_or_fallback_stop,0.28205207650079284,0.5593876805361927
narrow_multi_obstacle,85,B1,unreached_or_fallback_stop,0.28205207650079284,0.651829920607314
narrow_multi_obstacle,85,B2,unreached_or_fallback_stop,0.28205207650079284,0.651829920607314
narrow_multi_obstacle,85,MIKU,unreached_or_fallback_stop,0.47435704278353397,0.22964932406638572
narrow_multi_obstacle,86,B0,unreached_or_fallback_stop,0.24359243416731977,1.3814246615034056
narrow_multi_obstacle,86,B1,unreached_or_fallback_stop,0.24359243416731977,1.4178566857892876
narrow_multi_obstacle,86,B2,unreached_or_fallback_stop,0.24359243416731977,1.4178566857892876
narrow_multi_obstacle,87,B0,unreached_or_fallback_stop,0.2820532590015512,1.5900021179690085
narrow_multi_obstacle,87,B1,unreached_or_fallback_stop,0.2820532590015512,1.5900021179690085
narrow_multi_obstacle,87,B2,unreached_or_fallback_stop,0.2820532590015512,1.5900021179690085
narrow_multi_obstacle,88,B0,unreached_or_fallback_stop,0.23077059615831347,1.7316900318907857
narrow_multi_obstacle,88,B1,unreached_or_fallback_stop,0.23077059615831347,1.7316900318907857
narrow_multi_obstacle,88,B2,unreached_or_fallback_stop,0.23077059615831347,1.7316900318907857
narrow_multi_obstacle,88,MIKU,unreached_or_fallback_stop,0.23077059615831347,1.7316900318907857
narrow_multi_obstacle,89,B0,unreached_or_fallback_stop,0.269231517807752,1.5022897853488675
narrow_multi_obstacle,89,B1,unreached_or_fallback_stop,0.269231517807752,1.5348166542495814
narrow_multi_obstacle,89,B2,unreached_or_fallback_stop,0.269231517807752,1.5348166542495814
narrow_multi_obstacle,89,MIKU,unreached_or_fallback_stop,0.269231517807752,1.5264639389778707
narrow_multi_obstacle,90,B0,unreached_or_fallback_stop,0.48717948717948717,0.30225062905067923
narrow_multi_obstacle,90,B1,unreached_or_fallback_stop,0.48717948717948717,0.30225062905067923
narrow_multi_obstacle,90,B2,unreached_or_fallback_stop,0.48717948717948717,0.30225062905067923
narrow_multi_obstacle,91,B0,unreached_or_fallback_stop,0.28205365567147006,0.560772786353507
narrow_multi_obstacle,91,B1,unreached_or_fallback_stop,0.28205365567147006,0.6517176405965532
narrow_multi_obstacle,91,B2,unreached_or_fallback_stop,0.28205365567147006,0.6517176405965532
narrow_multi_obstacle,92,B0,unreached_or_fallback_stop,0.2692337176832085,0.7093260832865121
narrow_multi_obstacle,92,B1,unreached_or_fallback_stop,0.2692337176832085,0.7791839350797836
narrow_multi_obstacle,92,B2,unreached_or_fallback_stop,0.2692337176832085,0.7791839350797836
narrow_multi_obstacle,93,B0,unreached_or_fallback_stop,0.46153846153846156,0.27239138344210023
narrow_multi_obstacle,93,B1,unreached_or_fallback_stop,0.46153846153846156,0.2634617110945978
narrow_multi_obstacle,93,B2,unreached_or_fallback_stop,0.46153846153846156,0.2634617110945978
narrow_multi_obstacle,94,B0,unreached_or_fallback_stop,0.25641307319544965,1.0722614422248198
narrow_multi_obstacle,94,B1,unreached_or_fallback_stop,0.25641307319544965,1.114941463504496
narrow_multi_obstacle,94,B2,unreached_or_fallback_stop,0.25641307319544965,1.114941463504496
narrow_multi_obstacle,94,MIKU,unreached_or_fallback_stop,0.25641307319544965,1.0982069547287394
narrow_multi_obstacle,95,B0,unreached_or_fallback_stop,0.47435897435897434,0.2878855723298422
narrow_multi_obstacle,95,B1,unreached_or_fallback_stop,0.47435897435897434,0.2825055390696498
narrow_multi_obstacle,95,B2,unreached_or_fallback_stop,0.47435897435897434,0.2825055390696498
narrow_multi_obstacle,96,B0,unreached_or_fallback_stop,0.2692328363561309,1.8145035125168665
narrow_multi_obstacle,96,B1,unreached_or_fallback_stop,0.2692328363561309,1.8145035125168665
narrow_multi_obstacle,96,B2,unreached_or_fallback_stop,0.2692328363561309,1.8145035125168665
narrow_multi_obstacle,97,B0,unreached_or_fallback_stop,0.47435897435897434,0.28623923233023146
narrow_multi_obstacle,97,B1,unreached_or_fallback_stop,0.47435897435897434,0.2807762442571728
narrow_multi_obstacle,97,B2,unreached_or_fallback_stop,0.47435897435897434,0.2807762442571728
narrow_multi_obstacle,98,B0,unreached_or_fallback_stop,0.6794871794871795,0.2746287779888801
narrow_multi_obstacle,98,B1,unreached_or_fallback_stop,0.6794871794871795,0.2684926550496429
narrow_multi_obstacle,98,B2,unreached_or_fallback_stop,0.6794871794871795,0.2684926550496429
narrow_multi_obstacle,99,B0,unreached_or_fallback_stop,0.44871794871794873,0.2882234400967204
narrow_multi_obstacle,99,B1,unreached_or_fallback_stop,0.44871794871794873,0.28335539276449306
narrow_multi_obstacle,99,B2,unreached_or_fallback_stop,0.44871794871794873,0.28335539276449306
interleaved_dynamic,2,B1,unreached_or_fallback_stop,0.3636363636363621,-5.058176100192213e-13
interleaved_dynamic,2,MIKU,unreached_or_fallback_stop,0.3636363636363621,-5.058176100192213e-13
interleaved_dynamic,4,B1,unreached_or_fallback_stop,0.2840939771886728,1.7637357375470823
interleaved_dynamic,4,MIKU,unreached_or_fallback_stop,0.2840939771886728,1.7637357375470823
interleaved_dynamic,6,B1,unreached_or_fallback_stop,0.4318181818181727,-1.0631051594600649e-11
interleaved_dynamic,8,MIKU,unreached_or_fallback_stop,0.37499999999999095,-1.2325696019388488e-11
interleaved_dynamic,12,MIKU,unreached_or_fallback_stop,0.2727283527836255,2.034617883603522
interleaved_dynamic,14,B1,unreached_or_fallback_stop,0.409090909090907,0.02218030245677527
interleaved_dynamic,14,MIKU,unreached_or_fallback_stop,0.409090909090907,0.02218030245677527
interleaved_dynamic,19,B1,unreached_or_fallback_stop,0.40909090909087986,0.01678139298884629
interleaved_dynamic,19,MIKU,unreached_or_fallback_stop,0.40909090909087986,0.01678139298884629
interleaved_dynamic,20,B2,collision,1.0,-0.07588298683226702
interleaved_dynamic,33,B1,unreached_or_fallback_stop,0.37499999999999756,0.014379961456866264
interleaved_dynamic,33,MIKU,unreached_or_fallback_stop,0.37499999999999756,0.014379961456866264
interleaved_dynamic,34,B1,unreached_or_fallback_stop,0.3977272655155067,-1.4325723952435254e-05
interleaved_dynamic,34,MIKU,unreached_or_fallback_stop,0.3977272655155067,-1.4325723952435254e-05
interleaved_dynamic,40,MIKU,unreached_or_fallback_stop,0.465909090909086,-5.618172593813142e-12
interleaved_dynamic,42,B1,unreached_or_fallback_stop,0.4431818181818182,-4.929390229335695e-14
interleaved_dynamic,42,MIKU,unreached_or_fallback_stop,0.4431818181818182,-4.929390229335695e-14
interleaved_dynamic,43,B1,unreached_or_fallback_stop,0.28409397116041685,1.9596821389629326
interleaved_dynamic,43,MIKU,unreached_or_fallback_stop,0.28409397116041685,1.9596821389629326
interleaved_dynamic,45,B1,unreached_or_fallback_stop,0.284091735217941,1.9949230285522888
interleaved_dynamic,45,MIKU,unreached_or_fallback_stop,0.284091735217941,1.9949230285522888
interleaved_dynamic,50,B1,unreached_or_fallback_stop,0.3977272727272727,-1.9095836023552692e-14
interleaved_dynamic,54,MIKU,unreached_or_fallback_stop,0.3749999999999945,-4.0745185003743245e-12
interleaved_dynamic,56,B1,unreached_or_fallback_stop,0.28409268909001656,1.981387089193541
interleaved_dynamic,56,MIKU,unreached_or_fallback_stop,0.28409268909001656,1.981387089193541
interleaved_dynamic,59,B1,unreached_or_fallback_stop,0.2954577219594523,1.9279876005072951
interleaved_dynamic,59,MIKU,collision,1.0,-0.00680160576615263
interleaved_dynamic,61,B1,unreached_or_fallback_stop,0.42045461002250806,4.232455369734822e-06
interleaved_dynamic,64,B1,unreached_or_fallback_stop,0.44318181818180924,0.0020336260105087156
interleaved_dynamic,64,MIKU,unreached_or_fallback_stop,0.44318181818180924,0.0020336260105087156
interleaved_dynamic,65,B1,unreached_or_fallback_stop,0.44318181818181546,0.028199073002820985
interleaved_dynamic,65,MIKU,unreached_or_fallback_stop,0.44318181818181546,0.028199073002820985
interleaved_dynamic,66,B1,unreached_or_fallback_stop,0.4090906333516914,7.425296155583183e-05
interleaved_dynamic,66,MIKU,unreached_or_fallback_stop,0.4090906333516914,7.425296155583183e-05
interleaved_dynamic,67,B1,unreached_or_fallback_stop,0.39772727272727015,-2.084998840246044e-12
interleaved_dynamic,67,MIKU,unreached_or_fallback_stop,0.39772727272727015,-2.084998840246044e-12
interleaved_dynamic,71,MIKU,unreached_or_fallback_stop,0.3636397197593109,0.08574305465184828
interleaved_dynamic,72,B1,unreached_or_fallback_stop,0.25000121479334037,2.0731952750731226
interleaved_dynamic,72,MIKU,unreached_or_fallback_stop,0.25000121479334037,2.0731952750731226
interleaved_dynamic,78,B1,unreached_or_fallback_stop,0.26136487388703816,1.8979627608028935
interleaved_dynamic,78,MIKU,unreached_or_fallback_stop,0.26136487388703816,1.8979627608028935
interleaved_dynamic,86,B1,unreached_or_fallback_stop,0.39772727272726716,-5.470734976142921e-12
interleaved_dynamic,86,MIKU,unreached_or_fallback_stop,0.39772727272726716,-5.470734976142921e-12
interleaved_dynamic,88,B1,unreached_or_fallback_stop,0.40909090909090656,-1.7013057629355899e-12
interleaved_dynamic,91,B1,unreached_or_fallback_stop,0.36363638913202756,4.914387656818064e-07
interleaved_dynamic,99,MIKU,unreached_or_fallback_stop,0.2954557179633092,1.7661665312499109
prediction_noise,1,B0,unreached_or_fallback_stop,0.25368248689527895,14.08511438677099
prediction_noise,1,B1,unreached_or_fallback_stop,0.25368248689527895,14.08511438677099
prediction_noise,1,B2,unreached_or_fallback_stop,0.25368248689527895,14.08511438677099
prediction_noise,1,MIKU,unreached_or_fallback_stop,0.25368248689527895,14.08511438677099
prediction_noise,2,B0,unreached_or_fallback_stop,0.2187845296504906,12.11855273920569
prediction_noise,2,B1,unreached_or_fallback_stop,0.2187845296504906,12.11855273920569
prediction_noise,2,B2,unreached_or_fallback_stop,0.2187845296504906,12.11855273920569
prediction_noise,2,MIKU,unreached_or_fallback_stop,0.2187845296504906,12.11855273920569
prediction_noise,4,B0,unreached_or_fallback_stop,0.23323560717347672,8.599552096379615
prediction_noise,4,B1,unreached_or_fallback_stop,0.23323560717347672,8.599552096379615
prediction_noise,4,B2,unreached_or_fallback_stop,0.23323560717347672,8.599552096379615
prediction_noise,4,MIKU,unreached_or_fallback_stop,0.23323560717347672,8.599552096379615
prediction_noise,5,B0,unreached_or_fallback_stop,0.23247848814799912,6.8825694506283
prediction_noise,5,B1,unreached_or_fallback_stop,0.23247848814799912,6.8825694506283
prediction_noise,5,B2,unreached_or_fallback_stop,0.23247848814799912,6.8825694506283
prediction_noise,5,MIKU,unreached_or_fallback_stop,0.23247848814799912,6.8825694506283
prediction_noise,6,B0,unreached_or_fallback_stop,0.2071858362445066,11.179995886752128
prediction_noise,6,B1,unreached_or_fallback_stop,0.2071858362445066,11.179995886752128
prediction_noise,6,B2,unreached_or_fallback_stop,0.2071858362445066,11.179995886752128
prediction_noise,6,MIKU,unreached_or_fallback_stop,0.2071858362445066,11.179995886752128
prediction_noise,7,B0,unreached_or_fallback_stop,0.2909313713462415,9.622183831209616
prediction_noise,7,B1,unreached_or_fallback_stop,0.2909313713462415,9.622183831209616
prediction_noise,7,B2,unreached_or_fallback_stop,0.2909313713462415,9.622183831209616
prediction_noise,7,MIKU,unreached_or_fallback_stop,0.2909313713462415,9.622183831209616
prediction_noise,8,B0,unreached_or_fallback_stop,0.7070168539607128,1.5034274701862245
prediction_noise,8,B1,unreached_or_fallback_stop,0.7070168539607128,1.5034274701862245
prediction_noise,8,B2,unreached_or_fallback_stop,0.7070168539607128,1.5034274701862245
prediction_noise,8,MIKU,unreached_or_fallback_stop,0.7070168539607128,1.5034274701862245
prediction_noise,9,B0,unreached_or_fallback_stop,0.16451184434479055,9.648534800532
prediction_noise,9,B1,unreached_or_fallback_stop,0.16451184434479055,9.648534800532
prediction_noise,9,B2,unreached_or_fallback_stop,0.16451184434479055,9.648534800532
prediction_noise,9,MIKU,unreached_or_fallback_stop,0.16451184434479055,9.648534800532
prediction_noise,10,B0,unreached_or_fallback_stop,0.9065930334597215,1.9161332568526497
prediction_noise,10,B1,unreached_or_fallback_stop,0.9065930334597215,1.9161332568526497
prediction_noise,10,B2,unreached_or_fallback_stop,0.9065930334597215,1.9161332568526497
prediction_noise,10,MIKU,unreached_or_fallback_stop,0.9065930334597215,1.9161332568526497
prediction_noise,11,B0,unreached_or_fallback_stop,0.8136381759965937,1.263376453593665
prediction_noise,11,B1,unreached_or_fallback_stop,0.8136381759965937,1.263376453593665
prediction_noise,11,B2,unreached_or_fallback_stop,0.8136381759965937,1.263376453593665
prediction_noise,11,MIKU,unreached_or_fallback_stop,0.8136381759965937,1.263376453593665
prediction_noise,12,B0,unreached_or_fallback_stop,0.30026990587608765,12.002082432426569
prediction_noise,12,B1,unreached_or_fallback_stop,0.30026990587608765,12.002082432426569
prediction_noise,12,B2,unreached_or_fallback_stop,0.30026990587608765,12.002082432426569
prediction_noise,12,MIKU,unreached_or_fallback_stop,0.30026990587608765,12.002082432426569
prediction_noise,13,B0,unreached_or_fallback_stop,0.2686531187730888,12.435701794338971
prediction_noise,13,B1,unreached_or_fallback_stop,0.2686531187730888,12.435701794338971
prediction_noise,13,B2,unreached_or_fallback_stop,0.2686531187730888,12.435701794338971
prediction_noise,13,MIKU,unreached_or_fallback_stop,0.2686531187730888,12.435701794338971
prediction_noise,16,B0,unreached_or_fallback_stop,0.2719730983751407,7.176644578551747
prediction_noise,16,B1,unreached_or_fallback_stop,0.2719730983751407,7.176644578551747
prediction_noise,16,B2,unreached_or_fallback_stop,0.2719730983751407,7.176644578551747
prediction_noise,16,MIKU,unreached_or_fallback_stop,0.2719730983751407,7.176644578551747
prediction_noise,18,B0,collision,1.0,-1.9313454257647535
prediction_noise,18,B1,collision,1.0,-1.9313454257647535
prediction_noise,18,B2,collision,1.0,-1.9313454257647535
prediction_noise,18,MIKU,collision,1.0,-1.9313454257647535
prediction_noise,20,B0,unreached_or_fallback_stop,0.24380117509160523,10.881679089896316
prediction_noise,20,B1,unreached_or_fallback_stop,0.24380117509160523,10.881679089896316
prediction_noise,20,B2,unreached_or_fallback_stop,0.24380117509160523,10.881679089896316
prediction_noise,20,MIKU,unreached_or_fallback_stop,0.24380117509160523,10.881679089896316
prediction_noise,21,B0,unreached_or_fallback_stop,0.1797114920827189,17.212945559442733
prediction_noise,21,B1,unreached_or_fallback_stop,0.1797114920827189,17.212945559442733
prediction_noise,21,B2,unreached_or_fallback_stop,0.1797114920827189,17.212945559442733
prediction_noise,21,MIKU,unreached_or_fallback_stop,0.1797114920827189,17.212945559442733
prediction_noise,23,B0,collision,0.937281424568312,-0.3541658778061436
prediction_noise,23,B1,collision,0.937281424568312,-0.3541658778061436
prediction_noise,23,B2,collision,0.937281424568312,-0.3541658778061436
prediction_noise,23,MIKU,collision,0.937281424568312,-0.3541658778061436
prediction_noise,25,B0,collision,1.0,-1.3266340825615384
prediction_noise,25,B1,unreached_or_fallback_stop,0.40244090952208067,3.3046316334246093
prediction_noise,25,B2,collision,1.0,-1.3266340825615384
prediction_noise,25,MIKU,unreached_or_fallback_stop,0.4146377554794594,3.1035878654543225
prediction_noise,26,B0,collision,1.0,-0.21222025846951187
prediction_noise,26,B1,collision,1.0,-0.21222025846951187
prediction_noise,26,B2,collision,1.0,-0.21222025846951187
prediction_noise,26,MIKU,collision,1.0,-0.21222025846951187
prediction_noise,27,B0,collision,1.0,-0.28779497872625726
prediction_noise,27,B1,collision,1.0,-0.28779497872625726
prediction_noise,27,B2,collision,1.0,-0.28779497872625726
prediction_noise,27,MIKU,collision,1.0,-0.28779497872625726
prediction_noise,28,B0,unreached_or_fallback_stop,0.30496444322459687,8.929380169544714
prediction_noise,28,B1,unreached_or_fallback_stop,0.30496444322459687,8.929380169544714
prediction_noise,28,B2,unreached_or_fallback_stop,0.30496444322459687,8.929380169544714
prediction_noise,28,MIKU,unreached_or_fallback_stop,0.30496444322459687,8.929380169544714
prediction_noise,29,B0,unreached_or_fallback_stop,0.2279504035388123,16.27686759204291
prediction_noise,29,B1,unreached_or_fallback_stop,0.2279504035388123,16.27686759204291
prediction_noise,29,B2,unreached_or_fallback_stop,0.2279504035388123,16.27686759204291
prediction_noise,29,MIKU,unreached_or_fallback_stop,0.2279504035388123,16.27686759204291
prediction_noise,30,B0,unreached_or_fallback_stop,0.2526955153979458,13.44775027348877
prediction_noise,30,B1,unreached_or_fallback_stop,0.2526955153979458,13.44775027348877
prediction_noise,30,B2,unreached_or_fallback_stop,0.2526955153979458,13.44775027348877
prediction_noise,30,MIKU,unreached_or_fallback_stop,0.2526955153979458,13.44775027348877
prediction_noise,31,B0,unreached_or_fallback_stop,0.20833763384202278,13.351858591458118
prediction_noise,31,B1,unreached_or_fallback_stop,0.20833763384202278,13.351858591458118
prediction_noise,31,B2,unreached_or_fallback_stop,0.20833763384202278,13.351858591458118
prediction_noise,31,MIKU,unreached_or_fallback_stop,0.20833763384202278,13.351858591458118
prediction_noise,33,B0,unreached_or_fallback_stop,0.2042222976350299,6.659915186939189
prediction_noise,33,B1,unreached_or_fallback_stop,0.2042222976350299,6.659915186939189
prediction_noise,33,B2,unreached_or_fallback_stop,0.2042222976350299,6.659915186939189
prediction_noise,33,MIKU,unreached_or_fallback_stop,0.2042222976350299,6.659915186939189
prediction_noise,34,B0,unreached_or_fallback_stop,0.2017318316121947,13.395044878484223
prediction_noise,34,B1,unreached_or_fallback_stop,0.2017318316121947,13.395044878484223
prediction_noise,34,B2,unreached_or_fallback_stop,0.2017318316121947,13.395044878484223
prediction_noise,34,MIKU,unreached_or_fallback_stop,0.2017318316121947,13.395044878484223
prediction_noise,35,B0,unreached_or_fallback_stop,0.2820568779663837,8.080977415056639
prediction_noise,35,B1,unreached_or_fallback_stop,0.2820568779663837,8.080977415056639
prediction_noise,35,B2,unreached_or_fallback_stop,0.2820568779663837,8.080977415056639
prediction_noise,35,MIKU,unreached_or_fallback_stop,0.2820568779663837,8.080977415056639
prediction_noise,37,B0,unreached_or_fallback_stop,0.25596374525406396,13.237364826524198
prediction_noise,37,B1,unreached_or_fallback_stop,0.25596374525406396,13.237364826524198
prediction_noise,37,B2,unreached_or_fallback_stop,0.25596374525406396,13.237364826524198
prediction_noise,37,MIKU,unreached_or_fallback_stop,0.25596374525406396,13.237364826524198
prediction_noise,38,B0,collision,1.0,-0.1872966529909803
prediction_noise,38,B1,collision,1.0,-0.1872966529909803
prediction_noise,38,B2,collision,1.0,-0.1872966529909803
prediction_noise,38,MIKU,collision,1.0,-0.1872966529909803
prediction_noise,39,B0,unreached_or_fallback_stop,0.2935212881680882,11.069777546375107
prediction_noise,39,B1,unreached_or_fallback_stop,0.2935212881680882,11.069777546375107
prediction_noise,39,B2,unreached_or_fallback_stop,0.2935212881680882,11.069777546375107
prediction_noise,39,MIKU,unreached_or_fallback_stop,0.2935212881680882,11.069777546375107
prediction_noise,40,B0,unreached_or_fallback_stop,0.2723068267402745,9.6406987407698
prediction_noise,40,B1,unreached_or_fallback_stop,0.2723068267402745,9.6406987407698
prediction_noise,40,B2,unreached_or_fallback_stop,0.2723068267402745,9.6406987407698
prediction_noise,40,MIKU,unreached_or_fallback_stop,0.2723068267402745,9.6406987407698
prediction_noise,41,B0,unreached_or_fallback_stop,0.24369001718813635,11.610658419915689
prediction_noise,41,B1,unreached_or_fallback_stop,0.24369001718813635,11.610658419915689
prediction_noise,41,B2,unreached_or_fallback_stop,0.24369001718813635,11.610658419915689
prediction_noise,41,MIKU,unreached_or_fallback_stop,0.24369001718813635,11.610658419915689
prediction_noise,42,B0,unreached_or_fallback_stop,0.2901323538403408,9.608571798072653
prediction_noise,42,B1,unreached_or_fallback_stop,0.2901323538403408,9.608571798072653
prediction_noise,42,B2,unreached_or_fallback_stop,0.2901323538403408,9.608571798072653
prediction_noise,42,MIKU,unreached_or_fallback_stop,0.2901323538403408,9.608571798072653
prediction_noise,44,B0,collision,1.0,-1.539197368210086
prediction_noise,44,B1,collision,1.0,-1.539197368210086
prediction_noise,44,B2,collision,1.0,-1.539197368210086
prediction_noise,44,MIKU,collision,1.0,-1.539197368210086
prediction_noise,46,B0,unreached_or_fallback_stop,0.1585785270721165,9.965471504363647
prediction_noise,46,B1,unreached_or_fallback_stop,0.1585785270721165,9.965471504363647
prediction_noise,46,B2,unreached_or_fallback_stop,0.1585785270721165,9.965471504363647
prediction_noise,46,MIKU,unreached_or_fallback_stop,0.1585785270721165,9.965471504363647
prediction_noise,47,B0,unreached_or_fallback_stop,0.2536385570393309,8.49460997401298
prediction_noise,47,B1,unreached_or_fallback_stop,0.2536385570393309,8.49460997401298
prediction_noise,47,B2,unreached_or_fallback_stop,0.2536385570393309,8.49460997401298
prediction_noise,47,MIKU,unreached_or_fallback_stop,0.2536385570393309,8.49460997401298
prediction_noise,48,B0,unreached_or_fallback_stop,0.19068200137588923,13.630347844655155
prediction_noise,48,B1,unreached_or_fallback_stop,0.19068200137588923,13.630347844655155
prediction_noise,48,B2,unreached_or_fallback_stop,0.19068200137588923,13.630347844655155
prediction_noise,48,MIKU,unreached_or_fallback_stop,0.19068200137588923,13.630347844655155
prediction_noise,49,B0,unreached_or_fallback_stop,0.28981221201685986,8.18149486744393
prediction_noise,49,B1,unreached_or_fallback_stop,0.28981221201685986,8.18149486744393
prediction_noise,49,B2,unreached_or_fallback_stop,0.28981221201685986,8.18149486744393
prediction_noise,49,MIKU,unreached_or_fallback_stop,0.28981221201685986,8.18149486744393
prediction_noise,50,B0,unreached_or_fallback_stop,0.167451798266233,14.659654762025832
prediction_noise,50,B1,unreached_or_fallback_stop,0.167451798266233,14.659654762025832
prediction_noise,50,B2,unreached_or_fallback_stop,0.167451798266233,14.659654762025832
prediction_noise,50,MIKU,unreached_or_fallback_stop,0.167451798266233,14.659654762025832
prediction_noise,52,B0,collision,1.0,-1.0499438414245617
prediction_noise,52,B1,collision,1.0,-1.0499438414245617
prediction_noise,52,B2,collision,1.0,-1.0499438414245617
prediction_noise,52,MIKU,collision,1.0,-1.0499438414245617
prediction_noise,53,B0,unreached_or_fallback_stop,0.28448170704791653,9.11658291134713
prediction_noise,53,B1,unreached_or_fallback_stop,0.28448170704791653,9.11658291134713
prediction_noise,53,B2,unreached_or_fallback_stop,0.28448170704791653,9.11658291134713
prediction_noise,53,MIKU,unreached_or_fallback_stop,0.28448170704791653,9.11658291134713
prediction_noise,56,B0,unreached_or_fallback_stop,0.14891586729624554,17.647567292125373
prediction_noise,56,B1,unreached_or_fallback_stop,0.14891586729624554,17.647567292125373
prediction_noise,56,B2,unreached_or_fallback_stop,0.14891586729624554,17.647567292125373
prediction_noise,56,MIKU,unreached_or_fallback_stop,0.14891586729624554,17.647567292125373
prediction_noise,57,B0,unreached_or_fallback_stop,0.15716568764168762,11.59693200413453
prediction_noise,57,B1,unreached_or_fallback_stop,0.15716568764168762,11.59693200413453
prediction_noise,57,B2,unreached_or_fallback_stop,0.15716568764168762,11.59693200413453
prediction_noise,57,MIKU,unreached_or_fallback_stop,0.15716568764168762,11.59693200413453
prediction_noise,60,B0,unreached_or_fallback_stop,0.2745746223630635,10.116182159808439
prediction_noise,60,B1,unreached_or_fallback_stop,0.2745746223630635,10.116182159808439
prediction_noise,60,B2,unreached_or_fallback_stop,0.2745746223630635,10.116182159808439
prediction_noise,60,MIKU,unreached_or_fallback_stop,0.2745746223630635,10.116182159808439
prediction_noise,62,B0,unreached_or_fallback_stop,0.7782849927592691,1.238102407475382
prediction_noise,62,B1,unreached_or_fallback_stop,0.7782849927592691,1.238102407475382
prediction_noise,62,B2,unreached_or_fallback_stop,0.7782849927592691,1.238102407475382
prediction_noise,62,MIKU,unreached_or_fallback_stop,0.7782849927592691,1.238102407475382
prediction_noise,65,B0,unreached_or_fallback_stop,0.24483796245990008,7.258657737026244
prediction_noise,65,B1,unreached_or_fallback_stop,0.24483796245990008,7.258657737026244
prediction_noise,65,B2,unreached_or_fallback_stop,0.24483796245990008,7.258657737026244
prediction_noise,65,MIKU,unreached_or_fallback_stop,0.24483796245990008,7.258657737026244
prediction_noise,66,B0,unreached_or_fallback_stop,0.2404792077228196,6.599967340958132
prediction_noise,66,B1,unreached_or_fallback_stop,0.2404792077228196,6.599967340958132
prediction_noise,66,B2,unreached_or_fallback_stop,0.2404792077228196,6.599967340958132
prediction_noise,66,MIKU,unreached_or_fallback_stop,0.2404792077228196,6.599967340958132
prediction_noise,67,B0,unreached_or_fallback_stop,0.8179224924261324,0.7990527367037901
prediction_noise,67,B1,unreached_or_fallback_stop,0.8179224924261324,0.7990527367037901
prediction_noise,67,B2,unreached_or_fallback_stop,0.8179224924261324,0.7990527367037901
prediction_noise,67,MIKU,unreached_or_fallback_stop,0.8179224924261324,0.7990527367037901
prediction_noise,68,B0,unreached_or_fallback_stop,0.17778110417358692,12.663836211016793
prediction_noise,68,B1,unreached_or_fallback_stop,0.17778110417358692,12.663836211016793
prediction_noise,68,B2,unreached_or_fallback_stop,0.17778110417358692,12.663836211016793
prediction_noise,68,MIKU,unreached_or_fallback_stop,0.17778110417358692,12.663836211016793
prediction_noise,69,B0,collision,1.0,-0.5149273737395212
prediction_noise,69,B1,collision,1.0,-0.5149273737395212
prediction_noise,69,B2,collision,1.0,-0.5149273737395212
prediction_noise,69,MIKU,collision,1.0,-0.5149273737395212
prediction_noise,72,B1,unreached_or_fallback_stop,0.5609814632994528,5.426615781507625
prediction_noise,72,MIKU,unreached_or_fallback_stop,0.5609814632994528,5.426615781507625
prediction_noise,73,B0,unreached_or_fallback_stop,0.9092435260297675,0.3985414176949389
prediction_noise,73,B1,unreached_or_fallback_stop,0.9092435260297675,0.3985414176949389
prediction_noise,73,B2,unreached_or_fallback_stop,0.9092435260297675,0.3985414176949389
prediction_noise,73,MIKU,unreached_or_fallback_stop,0.9092435260297675,0.3985414176949389
prediction_noise,74,B0,collision,1.0,-1.493907106780938
prediction_noise,74,B1,collision,1.0,-1.493907106780938
prediction_noise,74,B2,collision,1.0,-1.493907106780938
prediction_noise,74,MIKU,collision,1.0,-1.493907106780938
prediction_noise,75,B0,collision,1.0,-1.9583551281480394
prediction_noise,75,B1,collision,1.0,-1.9583551281480394
prediction_noise,75,B2,collision,1.0,-1.9583551281480394
prediction_noise,75,MIKU,collision,1.0,-1.9583551281480394
prediction_noise,76,B0,unreached_or_fallback_stop,0.8716142246123683,2.4964366805806186
prediction_noise,76,B1,unreached_or_fallback_stop,0.8716142246123683,2.4964366805806186
prediction_noise,76,B2,unreached_or_fallback_stop,0.8716142246123683,2.4964366805806186
prediction_noise,76,MIKU,unreached_or_fallback_stop,0.8716142246123683,2.4964366805806186
prediction_noise,77,B0,unreached_or_fallback_stop,0.22914426518814032,7.366712150967995
prediction_noise,77,B1,unreached_or_fallback_stop,0.22914426518814032,7.366712150967995
prediction_noise,77,B2,unreached_or_fallback_stop,0.22914426518814032,7.366712150967995
prediction_noise,77,MIKU,unreached_or_fallback_stop,0.22914426518814032,7.366712150967995
prediction_noise,78,B0,unreached_or_fallback_stop,0.2404902579782322,11.740420672910389
prediction_noise,78,B1,unreached_or_fallback_stop,0.2404902579782322,11.740420672910389
prediction_noise,78,B2,unreached_or_fallback_stop,0.2404902579782322,11.740420672910389
prediction_noise,78,MIKU,unreached_or_fallback_stop,0.2404902579782322,11.740420672910389
prediction_noise,79,B0,unreached_or_fallback_stop,0.22806133071445822,10.215742213837396
prediction_noise,79,B1,unreached_or_fallback_stop,0.22806133071445822,10.215742213837396
prediction_noise,79,B2,unreached_or_fallback_stop,0.22806133071445822,10.215742213837396
prediction_noise,79,MIKU,unreached_or_fallback_stop,0.22806133071445822,10.215742213837396
prediction_noise,80,B0,collision,1.0,-1.0899074763765646
prediction_noise,80,B1,collision,1.0,-1.0899074763765646
prediction_noise,80,B2,collision,1.0,-1.0899074763765646
prediction_noise,80,MIKU,collision,1.0,-1.0899074763765646
prediction_noise,85,B0,unreached_or_fallback_stop,0.16094383925913147,14.75333847631872
prediction_noise,85,B1,unreached_or_fallback_stop,0.16094383925913147,14.75333847631872
prediction_noise,85,B2,unreached_or_fallback_stop,0.16094383925913147,14.75333847631872
prediction_noise,85,MIKU,unreached_or_fallback_stop,0.16094383925913147,14.75333847631872
prediction_noise,86,B0,unreached_or_fallback_stop,0.23347394578414887,9.509089484396855
prediction_noise,86,B1,unreached_or_fallback_stop,0.23347394578414887,9.509089484396855
prediction_noise,86,B2,unreached_or_fallback_stop,0.23347394578414887,9.509089484396855
prediction_noise,86,MIKU,unreached_or_fallback_stop,0.23347394578414887,9.509089484396855
prediction_noise,87,B0,collision,1.0,-0.9156932274416683
prediction_noise,87,B1,collision,1.0,-0.9156932274416683
prediction_noise,87,B2,collision,1.0,-0.9156932274416683
prediction_noise,87,MIKU,collision,1.0,-0.9156932274416683
prediction_noise,90,B0,collision,1.0,-0.0767402305161129
prediction_noise,90,B1,collision,1.0,-0.0767402305161129
prediction_noise,90,B2,collision,1.0,-0.0767402305161129
prediction_noise,90,MIKU,collision,1.0,-0.0767402305161129
prediction_noise,91,B0,unreached_or_fallback_stop,0.2070838749152367,16.372180413761566
prediction_noise,91,B1,unreached_or_fallback_stop,0.2070838749152367,16.372180413761566
prediction_noise,91,B2,unreached_or_fallback_stop,0.2070838749152367,16.372180413761566
prediction_noise,91,MIKU,unreached_or_fallback_stop,0.2070838749152367,16.372180413761566
prediction_noise,92,B1,unreached_or_fallback_stop,0.48780744162398754,5.63123833223022
prediction_noise,92,MIKU,unreached_or_fallback_stop,0.5122004777302719,5.16788889420649
prediction_noise,93,B0,unreached_or_fallback_stop,0.22594936008574568,12.982048446867102
prediction_noise,93,B1,unreached_or_fallback_stop,0.22594936008574568,12.982048446867102
prediction_noise,93,B2,unreached_or_fallback_stop,0.22594936008574568,12.982048446867102
prediction_noise,93,MIKU,unreached_or_fallback_stop,0.22594936008574568,12.982048446867102
prediction_noise,94,B0,unreached_or_fallback_stop,0.1780793526903867,12.02343974691945
prediction_noise,94,B1,unreached_or_fallback_stop,0.1780793526903867,12.02343974691945
prediction_noise,94,B2,unreached_or_fallback_stop,0.1780793526903867,12.02343974691945
prediction_noise,94,MIKU,unreached_or_fallback_stop,0.1780793526903867,12.02343974691945
prediction_noise,97,B0,unreached_or_fallback_stop,0.3001014418651641,9.116923927850197
prediction_noise,97,B1,unreached_or_fallback_stop,0.3001014418651641,9.116923927850197
prediction_noise,97,B2,unreached_or_fallback_stop,0.3001014418651641,9.116923927850197
prediction_noise,97,MIKU,unreached_or_fallback_stop,0.3001014418651641,9.116923927850197
prediction_noise,98,B0,unreached_or_fallback_stop,0.3171703207133353,6.637614659599189
prediction_noise,98,B1,unreached_or_fallback_stop,0.3171703207133353,6.637614659599189
prediction_noise,98,B2,unreached_or_fallback_stop,0.3171703207133353,6.637614659599189
prediction_noise,98,MIKU,unreached_or_fallback_stop,0.3171703207133353,6.637614659599189
prediction_noise,99,B1,unreached_or_fallback_stop,0.5243957259213712,5.439934514149076
prediction_noise,99,MIKU,unreached_or_fallback_stop,0.536590011081224,5.264553386243374
