schema_version,case_kind,seed,method,method_label,success,reached,collision,min_clearance_m,min_ttc_s,arrival_time_s,penalized_travel_time_s,progress_ratio,average_speed_mps,path_length_m,max_longitudinal_acceleration_mps2,max_lateral_acceleration_mps2,jerk_rms_mps3,time_window_violations,degraded_stop,runtime_ms,iterations,iterative_converged,joint_search_status,joint_domain_size,joint_evaluated_candidates,joint_expanded_spatial_branches,joint_absolute_gap
miku-joint-reference-v2,crossing_pedestrian,0,B3,B3-JointReference,0,1,1,0.41293381812542385,0.10156200419369155,5.5,14.0,1.0,5.643926287053144,31.041594578792296,2.0,1.0,2.2396232049838796,0,0,1068.4487689868547,1,1,,,,,
miku-joint-reference-v2,crossing_pedestrian,0,MIKU,MIKU,1,1,0,0.2611523790789323,0.2852216527101232,9.0,9.0,1.0,3.4444445555555556,31.000001,2.557541079173365,0.0,1.123622354054011,0,0,7.816097000613809,1,0,optimal,1,1,1,0.0
miku-joint-reference-v2,crossing_pedestrian,1,B3,B3-JointReference,0,1,1,0.2776614209681152,0.027766142096811518,3.5,14.0,1.0,8.857142857142858,31.0,2.1048312679462953,0.0,2.7022883032738845,0,0,924.7973230085336,1,1,,,,,
miku-joint-reference-v2,crossing_pedestrian,1,MIKU,MIKU,1,1,0,0.1939760780011639,0.1588103680032106,9.0,9.0,1.0,3.4444445555555556,31.000001,3.291707137728491,0.0,1.389793426737253,0,0,7.458799984306097,1,0,optimal,1,1,1,0.0
miku-joint-reference-v2,crossing_pedestrian,2,B3,B3-JointReference,0,1,1,0.3428582867271317,0.09286481617525906,4.5,14.0,1.0,6.888888888888889,31.0,2.0,0.0,2.3459648557404664,0,0,1227.0596110029146,1,1,,,,,
miku-joint-reference-v2,crossing_pedestrian,2,MIKU,MIKU,1,1,0,0.23813816632197063,0.23760311653215924,9.0,9.0,1.0,3.4444445555555556,31.000001,1.7057565511354171,0.0,0.6593701849717711,0,0,7.339764968492091,1,0,optimal,1,1,1,0.0
miku-joint-reference-v2,crossing_pedestrian,3,B3,B3-JointReference,0,1,1,0.31464789533311155,0.10617236814937492,5.5,14.0,1.0,5.6455354055912546,31.0504447307519,4.047014016262885,1.0,2.9955720197782822,0,0,776.0220569907688,1,1,,,,,
miku-joint-reference-v2,crossing_pedestrian,3,MIKU,MIKU,1,1,0,0.200179270267963,0.4857755997215261,9.0,9.0,1.0,3.4444445587191224,31.000001028472102,4.000000015305119,0.0,1.9496155381522273,0,0,33.98068400565535,1,0,optimal,1,1,1,0.0
miku-joint-reference-v2,crossing_pedestrian,4,B3,B3-JointReference,1,1,0,1.2314421655454393,1.3803375429798999,5.5,5.5,1.0,5.636363636363637,31.0,0.7789243247315838,0.0,0.5192828831543892,0,0,1370.4652409651317,1,1,,,,,
miku-joint-reference-v2,crossing_pedestrian,4,MIKU,MIKU,1,1,0,1.3403029921929202,1.0330745579023088,9.0,9.0,1.0,3.4444445555555556,31.000001,0.9486459824344095,0.0,0.27237882657659285,0,0,5.7387970155104995,1,0,optimal,1,1,1,0.0
miku-joint-reference-v2,crossing_pedestrian,5,B3,B3-JointReference,1,1,0,0.7321013905133316,0.9293349764113009,5.5,5.5,1.0,5.636363636363637,31.0,0.3871140118488672,0.0,0.2580760078992448,0,0,1350.67800298566,1,1,,,,,
miku-joint-reference-v2,crossing_pedestrian,5,MIKU,MIKU,1,1,0,0.8991313935747104,0.679644058815059,9.0,9.0,1.0,3.444444555555556,31.000001000000005,0.8855412189293024,0.0,0.25425994792937173,0,0,5.886060011107475,1,0,optimal,1,1,1,0.0
miku-joint-reference-v2,crossing_pedestrian,6,B3,B3-JointReference,0,1,1,0.2176345482483022,0.02418161647203358,4.0,14.0,1.0,7.75,31.0,2.0,0.0,2.595478436457456,0,0,827.9796689748764,1,1,,,,,
miku-joint-reference-v2,crossing_pedestrian,6,MIKU,MIKU,1,1,0,0.20011580914359506,0.5593597385985732,9.0,9.0,1.0,3.4444445555555556,31.000001,2.9598071750652712,0.0,1.2236255545918255,0,0,8.861232025083154,1,0,optimal,1,1,1,0.0
miku-joint-reference-v2,crossing_pedestrian,7,B3,B3-JointReference,0,1,1,0.42878070749005937,0.12807797599790505,6.0,14.0,1.0,5.1687448175467035,31.012468905280222,4.0,1.0,2.9624177857625322,0,0,769.6854880196042,1,1,,,,,
miku-joint-reference-v2,crossing_pedestrian,7,MIKU,MIKU,1,1,0,0.2014323316908695,0.5166717602868811,9.0,9.0,1.0,3.4444445555555556,31.000001,3.7848354704910703,0.0,1.6691548794286921,0,0,33.25070097343996,1,0,optimal,1,1,1,0.0
miku-joint-reference-v2,crossing_pedestrian,8,B3,B3-JointReference,0,1,1,0.3858175285897185,0.048227191073714815,4.0,14.0,1.0,7.751951221367587,31.00780488547035,0.8097874987420575,1.0,0.5398583324947049,0,0,1115.4650800162926,1,1,,,,,
miku-joint-reference-v2,crossing_pedestrian,8,MIKU,MIKU,1,1,0,0.23171910504516113,0.14623786188090473,9.0,9.0,1.0,3.4444445555555556,31.000001,2.3114359699570177,0.0,0.8976227358692571,0,0,7.7087749959900975,1,0,optimal,1,1,1,0.0
miku-joint-reference-v2,crossing_pedestrian,9,B3,B3-JointReference,0,1,1,0.30374183713547565,0.037967729641934456,4.0,14.0,1.0,7.751951221367587,31.00780488547035,0.1458123872900643,1.0,0.0972082581933762,0,0,1120.0284389778972,1,1,,,,,
miku-joint-reference-v2,crossing_pedestrian,9,MIKU,MIKU,1,1,0,0.24642683790449432,0.23668301274967032,9.0,9.0,1.0,3.4444445555555556,31.000001,1.9764290144876089,0.0,0.7405407851692657,0,0,8.11182300094515,1,0,optimal,1,1,1,0.0
miku-joint-reference-v2,vehicle_cut_in,0,B3,B3-JointReference,0,1,1,0.24958179481962306,0.11551691602102053,9.5,15.0,1.0,4.320052868172114,41.04050224763508,3.3214505130962984,1.0,2.5604009439738196,0,0,1131.7066389601678,1,1,,,,,
miku-joint-reference-v2,vehicle_cut_in,0,MIKU,MIKU,1,1,0,0.2663284565568045,0.3368409968695597,10.0,10.0,1.0,4.100000099999999,41.00000099999999,2.2751522875794628,0.0,0.7483523924551522,0,0,10.219491028692573,1,0,optimal,1,1,1,0.0
miku-joint-reference-v2,vehicle_cut_in,1,B3,B3-JointReference,1,1,0,0.21028765300619767,0.0707608804258894,8.0,8.0,1.0,5.125,41.0,2.551011316186024,0.0,2.315654214509334,0,0,1826.8587189959362,1,1,,,,,
miku-joint-reference-v2,vehicle_cut_in,1,MIKU,MIKU,1,1,0,3.1524189915751784,2.3547182997967364,10.0,10.0,1.0,4.100000099999999,41.00000099999999,1.2893048485188476,0.0,0.3598824393926472,0,0,6.721359968651086,1,0,optimal,1,1,1,0.0
miku-joint-reference-v2,vehicle_cut_in,2,B3,B3-JointReference,1,1,0,0.4074473102958134,0.23777592943091627,7.0,7.0,1.0,5.857142857142857,41.0,2.0,0.0,1.7737047796926229,0,0,1834.898487024475,1,1,,,,,
miku-joint-reference-v2,vehicle_cut_in,2,MIKU,MIKU,1,1,0,3.74533917572443,2.557835435483491,10.0,10.0,1.0,4.100000099999998,41.00000099999998,1.1934417323769237,0.0,0.3331242587152729,0,0,6.598117004614323,1,0,optimal,1,1,1,0.0
miku-joint-reference-v2,vehicle_cut_in,3,B3,B3-JointReference,1,1,0,0.5515353979236046,0.17464254182955105,5.5,5.5,1.0,7.454545454545454,41.0,3.3345293194513275,0.0,2.459193833944818,0,0,1777.657522005029,1,1,,,,,
miku-joint-reference-v2,vehicle_cut_in,3,MIKU,MIKU,1,1,0,6.16953372287329,2.7890226524439905,10.0,10.0,1.0,4.100000099999999,41.00000099999999,1.7190496072804904,0.0,0.47983668626977244,0,0,6.993977993261069,1,0,optimal,1,1,1,0.0
miku-joint-reference-v2,vehicle_cut_in,4,B3,B3-JointReference,1,1,0,0.3364753937668725,0.08335411421553612,8.5,8.5,1.0,4.823529411764706,41.0,2.3133316023720703,0.0,2.5864910514277204,0,0,1675.3721600398421,1,1,,,,,
miku-joint-reference-v2,vehicle_cut_in,4,MIKU,MIKU,1,1,0,1.2014513465976977,1.597732131899668,10.0,10.0,1.0,4.100000099999998,41.00000099999998,1.2526096982968287,0.0,0.34963975691849836,0,0,6.875115970615298,1,0,optimal,1,1,1,0.0
miku-joint-reference-v2,vehicle_cut_in,5,B3,B3-JointReference,0,0,1,0.25968293595926606,0.05270064028704223,,15.0,0.9390243902439024,3.85188640793415,38.5188640793415,4.523469778553864,1.0,2.558741856715889,0,1,1084.9240979878232,1,1,,,,,
miku-joint-reference-v2,vehicle_cut_in,5,MIKU,MIKU,0,0,0,0.25737151190645413,0.4834851765906037,,15.0,0.8364652970099575,3.429507717740826,34.29507717740826,1.5632896253600979,0.0,0.5135716448782525,0,1,23.783777956850827,2,0,optimal,1,1,1,0.0
miku-joint-reference-v2,vehicle_cut_in,6,B3,B3-JointReference,1,1,0,0.3418173823302624,0.24623861354824358,7.0,7.0,1.0,5.857142857142857,41.0,2.0,0.0,2.0635692760723012,0,0,1833.517371036578,1,1,,,,,
miku-joint-reference-v2,vehicle_cut_in,6,MIKU,MIKU,1,1,0,3.641137930686586,2.604428209656615,10.0,10.0,1.0,4.1000001,41.000001,1.1465843175699313,0.0,0.3200449929669752,0,0,6.656750978436321,1,0,optimal,1,1,1,0.0
miku-joint-reference-v2,vehicle_cut_in,7,B3,B3-JointReference,1,1,0,0.41465901412564676,0.20115782764062912,7.0,7.0,1.0,5.857142857142857,41.0,2.331607401509654,0.0,1.8733049161047213,0,0,1875.0897239660844,1,1,,,,,
miku-joint-reference-v2,vehicle_cut_in,7,MIKU,MIKU,1,1,0,4.111202968833716,2.609001367898327,10.0,10.0,1.0,4.100000099999999,41.00000099999999,1.2554312819482885,0.0,0.35042734288670685,0,0,6.6499560489319265,1,0,optimal,1,1,1,0.0
miku-joint-reference-v2,vehicle_cut_in,8,B3,B3-JointReference,0,1,1,0.21508375318711437,0.14122348278063734,7.0,15.0,1.0,5.861387785900099,41.029714501300695,2.0,1.0,1.6915632502942854,0,0,1868.9942180062644,1,1,,,,,
miku-joint-reference-v2,vehicle_cut_in,8,MIKU,MIKU,1,1,0,4.2378111886309195,2.8247419971098533,10.0,10.0,1.0,4.100000099999999,41.00000099999999,1.110327080524118,0.0,0.3099245447823155,0,0,6.930620991624892,1,0,optimal,1,1,1,0.0
miku-joint-reference-v2,vehicle_cut_in,9,B3,B3-JointReference,0,1,1,0.27344699992104493,0.1816158791828092,8.5,15.0,1.0,4.827268795515629,41.03178476188285,2.0,1.0,1.7114221160954424,0,0,1428.4355739946477,1,1,,,,,
miku-joint-reference-v2,vehicle_cut_in,9,MIKU,MIKU,1,1,0,0.2967066915917984,0.7633047172963507,10.0,10.0,1.0,4.100000099999998,41.00000099999998,1.6785752239402125,0.0,0.515811439269645,0,0,10.936871985904872,1,0,optimal,1,1,1,0.0
miku-joint-reference-v2,parked_and_oncoming,0,B3,B3-JointReference,1,1,0,0.13871503093081575,0.5179200330826129,9.5,9.5,1.0,4.957868551814924,47.09975124224178,0.7256180680859643,1.0,0.45892116130455657,0,0,9348.209478019271,1,1,,,,,
miku-joint-reference-v2,parked_and_oncoming,0,MIKU,MIKU,1,1,0,0.22095930565717262,0.7949000170195606,10.0,10.0,1.0,4.703615293886516,47.03615293886516,0.20466091121975893,0.4055750404642381,0.057126806017850994,0,0,11.236911988817155,1,0,optimal,1,1,1,0.0
miku-joint-reference-v2,parked_and_oncoming,1,B3,B3-JointReference,1,1,0,0.1455976629041583,0.6604327315480529,10.0,10.0,1.0,4.710071719841979,47.10071719841979,2.0,1.0,1.681891749354903,0,0,6470.89231404243,1,1,,,,,
miku-joint-reference-v2,parked_and_oncoming,1,MIKU,MIKU,1,1,0,0.20886096386364317,0.7847964341909224,10.0,10.0,1.0,4.703860790653992,47.038607906539916,0.2884205357944937,0.405246776119837,0.08050655057489396,0,0,11.092535045463592,1,0,optimal,1,1,1,0.0
miku-joint-reference-v2,parked_and_oncoming,2,B3,B3-JointReference,1,1,0,0.1425325401964951,0.7212469307271481,10.0,10.0,1.0,4.710071719841979,47.10071719841979,2.4670113157431928,1.0,2.2936540454496246,0,0,5133.053436002228,1,1,,,,,
miku-joint-reference-v2,parked_and_oncoming,2,MIKU,MIKU,1,1,0,0.2205183378077568,1.5257200510580473,10.0,10.0,0.9999999999999999,4.7026181043490904,47.02618104349091,2.5752018504484298,0.5506920526220105,1.136355762508274,0,0,12.327727978117764,1,0,optimal,1,1,1,0.0
miku-joint-reference-v2,parked_and_oncoming,3,B3,B3-JointReference,0,0,0,0.2853132905420553,0.6246314154480643,,15.0,0.46808510638297873,2.215936069526685,22.15936069526685,4.6551667493395055,1.0,2.709999554647722,0,1,3653.33791798912,1,1,,,,,
miku-joint-reference-v2,parked_and_oncoming,3,MIKU,MIKU,0,0,0,0.5387521456926863,3.377919605487535,,15.0,0.12291800292055922,0.5785363512739392,5.785363512739392,3.7103392088233513,0.01310954982017776,1.8153686094840409,0,1,68.61962197581306,1,0,optimal,1,1,1,0.0
miku-joint-reference-v2,parked_and_oncoming,4,B3,B3-JointReference,1,1,0,0.3336309065388654,0.7432264766259887,7.0,7.0,1.0,6.727235506354684,47.09064854448279,2.1857747611457725,1.0,2.2276500429080253,0,0,6605.547791987192,1,1,,,,,
miku-joint-reference-v2,parked_and_oncoming,4,MIKU,MIKU,1,1,0,0.2415342322222802,0.818125995267519,10.0,10.0,1.0,4.704290234471918,47.042902344719174,0.3727299610478375,0.4210210320645683,0.10403976047384128,0,0,11.26122399000451,1,0,optimal,1,1,1,0.0
miku-joint-reference-v2,parked_and_oncoming,5,B3,B3-JointReference,1,1,0,0.07531177890770709,0.7198038812825699,10.0,10.0,1.0,4.718193487330622,47.181934873306226,2.0,1.0,1.681981970687195,0,0,4145.359283953439,1,1,,,,,
miku-joint-reference-v2,parked_and_oncoming,5,MIKU,MIKU,0,0,0,0.23073388762455727,0.8866071325836311,,15.0,0.4959961521848312,2.33374709754401,23.3374709754401,4.0,0.7622924570584103,2.072936622374593,0,1,51.94838700117543,1,0,optimal,1,1,1,0.0
miku-joint-reference-v2,parked_and_oncoming,6,B3,B3-JointReference,1,1,0,0.2710763417858515,1.2111573387173198,5.5,5.5,1.0,8.555844266796512,47.05714346738082,2.492560906105197,1.0,1.9212223253370306,0,0,6151.167791977059,1,1,,,,,
miku-joint-reference-v2,parked_and_oncoming,6,MIKU,MIKU,1,1,0,0.057065017026534104,0.8176764953298294,10.0,10.0,1.0,4.70343770768628,47.0343770768628,0.6341436752084545,0.4304052962788259,0.17700792254254502,0,0,11.61328301532194,1,0,optimal,1,1,1,0.0
miku-joint-reference-v2,parked_and_oncoming,7,B3,B3-JointReference,1,1,0,0.23086223477025936,0.715213143822484,10.0,10.0,1.0,4.711797188841343,47.11797188841343,2.0774353157368175,1.0,2.379988811704534,0,0,3688.5575560154393,1,1,,,,,
miku-joint-reference-v2,parked_and_oncoming,7,MIKU,MIKU,0,0,0,1.0108622347702592,3.371717925702302,,15.0,0.09698433763683968,0.4558263868931465,4.558263868931465,4.0,0.0,3.9999999999999964,0,1,18.93666200339794,1,0,infeasible,1,1,1,inf
miku-joint-reference-v2,parked_and_oncoming,8,B3,B3-JointReference,0,0,0,0.11366355175645976,0.602709552883805,,15.0,0.8191489361702128,3.8566213278298975,38.566213278298974,4.444784405907765,1.0,2.889051027807249,0,1,2253.584540041629,1,1,,,,,
miku-joint-reference-v2,parked_and_oncoming,8,MIKU,MIKU,0,0,0,0.21045154925729692,1.3281878581261857,,15.0,0.51884762689391,2.4411771799386983,24.411771799386983,3.144414483947841,0.5333913656443867,1.3933918455590732,0,1,40.22284800885245,1,0,optimal,1,1,1,0.0
miku-joint-reference-v2,parked_and_oncoming,9,B3,B3-JointReference,1,1,0,0.24268386144703058,0.7181523815476822,10.0,10.0,1.0,4.711537451499234,47.11537451499234,4.865280870834587,1.0,3.221204508281943,0,0,2893.8762490288354,1,1,,,,,
miku-joint-reference-v2,parked_and_oncoming,9,MIKU,MIKU,0,0,0,0.7726838614470308,2.9338822394425406,,15.0,0.11005016747703614,0.5172357871420699,5.172357871420698,4.0,0.0,3.9999999999999964,0,1,41.30788997281343,1,0,infeasible,1,1,1,inf
miku-joint-reference-v2,narrow_multi_obstacle,0,B3,B3-JointReference,1,1,0,0.23965079532623593,,7.0,7.0,1.0,5.574029075738346,39.01820353016842,2.0,1.0,2.0699120912975317,0,0,8494.695675966796,1,1,,,,,
miku-joint-reference-v2,narrow_multi_obstacle,0,MIKU,MIKU,1,1,0,0.25739801797257433,,12.0,12.0,1.0,3.2500000833333327,39.00000099999999,0.3734137973134492,0.0,0.09684883571507207,0,0,27.07524801371619,1,0,optimal,1,1,1,0.0
miku-joint-reference-v2,narrow_multi_obstacle,1,B3,B3-JointReference,0,0,0,0.26551826936102474,0.26551826936102474,,17.0,0.2948717948717949,0.9632514161979122,11.559016994374947,2.871313822430981,1.0,1.8709904170448735,0,1,5165.3386959806085,1,1,,,,,
miku-joint-reference-v2,narrow_multi_obstacle,1,MIKU,MIKU,0,0,0,1.5875371149497592,1.7968856878326211,,17.0,0.2564102827181441,0.8337677461942752,10.005212954331302,1.4197594073339055,0.010627838259336705,0.4343293278798795,0,1,35.396566963754594,1,0,optimal,1,1,1,0.0
miku-joint-reference-v2,narrow_multi_obstacle,2,B3,B3-JointReference,1,1,0,0.20492427385623443,,6.0,6.0,1.0,6.5,39.0,4.0,0.0,2.9099725883871357,0,0,8663.92929299036,1,1,,,,,
miku-joint-reference-v2,narrow_multi_obstacle,2,MIKU,MIKU,1,1,0,0.21307079870901102,,12.0,12.0,1.0,3.2500000833333327,39.00000099999999,0.3355924131555052,0.0,0.08703945789569935,0,0,26.830063958186656,1,0,optimal,1,1,1,0.0
miku-joint-reference-v2,narrow_multi_obstacle,3,B3,B3-JointReference,0,0,0,0.2611503754893856,,,17.0,0.3076923076923077,1.0,12.0,2.150185034059529,0.0,1.6656255694257458,0,1,5532.187094970141,1,1,,,,,
miku-joint-reference-v2,narrow_multi_obstacle,3,MIKU,MIKU,1,1,0,0.22099748963190202,,12.0,12.0,1.0,3.2500048866268876,39.00005863952265,0.23920035575688314,0.0094585269353098,0.06203915367993895,0,0,29.54021899495274,1,0,optimal,1,1,1,0.0
miku-joint-reference-v2,narrow_multi_obstacle,4,B3,B3-JointReference,0,0,0,0.26196148132223684,,,17.0,0.2948717948717949,0.9583333333333334,11.5,2.83411202130039,0.0,1.8586703945453948,0,1,5786.533227015752,1,1,,,,,
miku-joint-reference-v2,narrow_multi_obstacle,4,MIKU,MIKU,1,1,0,0.2185719456391335,,12.0,12.0,1.0,3.2500145088955725,39.00017410674687,0.33833808383222463,0.020166986425860896,0.08775157675742697,0,0,28.74418697319925,1,0,optimal,1,1,1,0.0
miku-joint-reference-v2,narrow_multi_obstacle,5,B3,B3-JointReference,0,0,0,0.23706352422728358,,,17.0,0.3076923076923077,1.0,12.0,2.682959222556775,0.0,1.810373050394946,0,1,5890.498036984354,1,1,,,,,
miku-joint-reference-v2,narrow_multi_obstacle,5,MIKU,MIKU,1,1,0,0.22262925815879941,,12.0,12.0,1.0,3.2500145114485957,39.00017413738315,0.31642793064449254,0.018738658811165973,0.08206894574103542,0,0,27.229501982219517,1,0,optimal,1,1,1,0.0
miku-joint-reference-v2,narrow_multi_obstacle,6,B3,B3-JointReference,1,1,0,0.20058222821717075,,10.0,10.0,1.0,3.9,39.0,0.2431504808128757,0.0,0.14038299555090072,0,0,13656.781391007826,1,1,,,,,
miku-joint-reference-v2,narrow_multi_obstacle,6,MIKU,MIKU,1,1,0,0.1917583153194409,,12.0,12.0,1.0,3.250002579107825,39.0000309492939,0.252676038618613,0.008317168956904488,0.06553421520420076,0,0,27.142083970829844,1,0,optimal,1,1,1,0.0
miku-joint-reference-v2,narrow_multi_obstacle,7,B3,B3-JointReference,1,1,0,0.18822558501133035,2.779576625736573,7.5,7.5,1.0,5.202575447547017,39.019315856602624,2.0564969996983997,1.0,2.3258819051253457,0,0,9505.481892032549,1,1,,,,,
miku-joint-reference-v2,narrow_multi_obstacle,7,MIKU,MIKU,1,1,0,0.17124902341935044,,12.0,12.0,1.0,3.250002364772404,39.00002837726885,0.49914837975161475,0.007143921443838103,0.12945943555315267,0,0,26.672896987292916,1,0,optimal,1,1,1,0.0
miku-joint-reference-v2,narrow_multi_obstacle,8,B3,B3-JointReference,0,0,0,0.01754652255957545,0.01754652255957545,,17.0,0.2948717948717949,0.9632514161979122,11.559016994374947,2.0,1.0,1.5519230992904554,0,1,4291.134326020256,1,1,,,,,
miku-joint-reference-v2,narrow_multi_obstacle,8,MIKU,MIKU,0,0,0,1.0908987079865184,1.581176803454879,,17.0,0.25641028282211364,0.8338278240654539,10.005933888785446,1.6249061618319653,0.013040305203920667,0.5129794964214883,0,1,34.12971401121467,1,0,optimal,1,1,1,0.0
miku-joint-reference-v2,narrow_multi_obstacle,9,B3,B3-JointReference,0,0,0,0.2576655757909454,,,17.0,0.3076923076923077,1.0,12.0,3.3923396575557767,0.0,2.0593922272614065,0,1,3975.7393710315228,1,1,,,,,
miku-joint-reference-v2,narrow_multi_obstacle,9,MIKU,MIKU,1,1,0,0.19894912374106855,,12.0,12.0,1.0,3.250064330997874,39.00077197197449,0.7091625731261274,0.06579693899664221,0.18392884792680622,0,0,27.116707002278417,1,0,optimal,1,1,1,0.0
miku-joint-reference-v2,interleaved_dynamic,0,B3,B3-JointReference,1,1,0,0.18323078545326768,0.07982730444222101,8.5,8.5,1.0,5.176470588235294,44.0,3.160490741508749,0.0,1.8258242947967382,0,0,13225.401665957179,1,1,,,,,
miku-joint-reference-v2,interleaved_dynamic,0,MIKU,MIKU,1,1,0,0.1248728048939419,0.21863604345901824,14.0,14.0,1.0,3.1428572142857143,44.000001,2.35280560185957,0.0,0.7815251030355544,0,0,20.556976029183716,1,0,optimal,1,1,1,0.0
miku-joint-reference-v2,interleaved_dynamic,1,B3,B3-JointReference,0,1,1,0.41009060991889457,0.1601602462845989,7.0,19.0,1.0,6.2954463946106785,44.06812476227475,3.5099078864647844,1.0,1.9493323104912559,0,0,12618.027119024191,1,1,,,,,
miku-joint-reference-v2,interleaved_dynamic,1,MIKU,MIKU,1,1,0,0.20035346061503967,0.5331995735171242,14.0,14.0,1.0,3.142857681089939,44.000007535259144,3.693493624880519,0.0,1.2843455504718495,0,0,55.79479300649837,1,0,optimal,1,1,1,0.0
miku-joint-reference-v2,interleaved_dynamic,2,B3,B3-JointReference,1,1,0,0.2235284394943698,0.07045545461100786,9.0,9.0,1.0,4.894888491569731,44.053996424127575,2.8253683849191056,1.0,2.02357320038887,0,0,13669.472733978182,1,1,,,,,
miku-joint-reference-v2,interleaved_dynamic,2,MIKU,MIKU,1,1,0,0.1429116936230979,0.33486149910580487,14.0,14.0,1.0,3.1428572142857143,44.000001,2.0681207639701267,0.0,0.6492527211003388,0,0,21.926447981968522,1,0,optimal,1,1,1,0.0
miku-joint-reference-v2,interleaved_dynamic,3,B3,B3-JointReference,0,1,1,0.37462086566304165,0.1609167831895585,8.0,19.0,1.0,5.501558613160028,44.01246890528022,2.1481034735121316,1.0,1.541626375514844,0,0,14155.54454602534,1,1,,,,,
miku-joint-reference-v2,interleaved_dynamic,3,MIKU,MIKU,1,1,0,0.13300449071384174,0.26661293528337,14.0,14.0,1.0,3.1428572142857143,44.000001,2.5385575746154214,0.0,0.8203220366484972,0,0,20.442740991711617,1,0,optimal,1,1,1,0.0
miku-joint-reference-v2,interleaved_dynamic,4,B3,B3-JointReference,1,1,0,0.39430596244577565,0.11373291027985409,8.5,8.5,1.0,5.176470588235294,44.0,2.2786032605644166,0.0,1.9414304607725856,0,0,15267.308813985437,1,1,,,,,
miku-joint-reference-v2,interleaved_dynamic,4,MIKU,MIKU,1,1,0,0.1404431845825609,0.1739274637500346,14.0,14.0,1.0,3.1428572142857143,44.000001,1.5691862352585326,0.0,0.49073058153206855,0,0,19.90568800829351,1,0,optimal,1,1,1,0.0
miku-joint-reference-v2,interleaved_dynamic,5,B3,B3-JointReference,0,1,1,0.35858669671948684,0.08327039300958576,8.5,19.0,1.0,5.190125684923674,44.11606832185123,2.1850596876811093,1.0,1.549595934739749,0,0,12963.79201702075,1,1,,,,,
miku-joint-reference-v2,interleaved_dynamic,5,MIKU,MIKU,1,1,0,0.19983961446432802,0.5369454095684402,14.0,14.0,1.0,3.1428580224972342,44.00001231496128,3.4680696384034873,0.0,1.2231630730832816,0,0,53.18092700326815,1,0,optimal,1,1,1,0.0
miku-joint-reference-v2,interleaved_dynamic,6,B3,B3-JointReference,0,1,1,0.37088037136732344,0.09989508385089707,8.5,19.0,1.0,5.181866796019289,44.04586776616396,4.455007910955338,1.0,2.32606839751813,0,0,12834.496142982971,1,1,,,,,
miku-joint-reference-v2,interleaved_dynamic,6,MIKU,MIKU,1,1,0,0.20274255060944713,0.5952886379965762,14.0,14.0,1.0,3.1428572142857143,44.000001,3.002207735509441,0.0,0.9885715153966498,0,0,36.15978197194636,1,0,optimal,1,1,1,0.0
miku-joint-reference-v2,interleaved_dynamic,7,B3,B3-JointReference,0,1,1,0.24927648303697758,0.06660837752078623,8.5,19.0,1.0,5.177937518268261,44.01246890528022,2.401780672670901,1.0,2.201622067883696,0,0,15194.59058198845,1,1,,,,,
miku-joint-reference-v2,interleaved_dynamic,7,MIKU,MIKU,1,1,0,0.13786546859992777,0.19287003920253984,14.0,14.0,1.0,3.1428572142857143,44.000001,1.9986925809387475,0.0,0.6615109301491144,0,0,19.915412995032966,1,0,optimal,1,1,1,0.0
miku-joint-reference-v2,interleaved_dynamic,8,B3,B3-JointReference,0,1,1,0.236097467372117,0.06120315879492107,9.0,19.0,1.0,4.895228039893927,44.05705235904534,2.667613918203303,1.0,1.9842908902668026,0,0,13494.077623006888,1,1,,,,,
miku-joint-reference-v2,interleaved_dynamic,8,MIKU,MIKU,1,1,0,0.20034432408559377,0.5632335730263309,14.0,14.0,1.0,3.142857213583016,44.00000099016222,3.2638285275263694,0.0,1.1049069556299753,0,0,37.85457200137898,1,0,optimal,1,1,1,0.0
miku-joint-reference-v2,interleaved_dynamic,9,B3,B3-JointReference,1,1,0,0.4978638857121793,0.1266040607874568,10.0,10.0,1.0,4.409435241806442,44.09435241806442,4.236658757948517,1.0,2.697933596313235,0,0,12311.67905102484,1,1,,,,,
miku-joint-reference-v2,interleaved_dynamic,9,MIKU,MIKU,1,1,0,0.20378879022265872,0.5529388229610492,14.0,14.0,1.0,3.1428572142857147,44.000001000000005,3.437803002005149,0.0,1.2046970575941813,0,0,39.02704804204404,1,0,optimal,1,1,1,0.0
miku-joint-reference-v2,prediction_noise,0,B3,B3-JointReference,1,1,0,3.389153288807229,1.378751227252714,6.5,6.5,1.0,6.3076923076923075,41.0,2.0,0.0,1.7806527565029735,0,0,2101.168232038617,1,1,,,,,
miku-joint-reference-v2,prediction_noise,0,MIKU,MIKU,1,1,0,8.762306108123585,4.2787400179326776,10.0,10.0,1.0,4.098962716418638,40.98962716418638,1.1988044271704432,0.019573426560855228,0.3346211426261835,0,0,6.95394299691543,1,0,optimal,1,1,1,0.0
miku-joint-reference-v2,prediction_noise,1,B3,B3-JointReference,0,1,1,-0.6472530490174755,0.0,5.0,15.0,1.0,8.2,41.0,2.3127133656421037,0.0,1.9337676294342738,1,0,2110.69632001454,1,1,,,,,
miku-joint-reference-v2,prediction_noise,1,MIKU,MIKU,0,0,0,14.08511438677099,4.848547660355902,,15.0,0.25368248689527895,1.0479858462880218,10.479858462880218,4.0,0.0,3.9999999999999964,0,1,22.712005011271685,2,1,infeasible,1,1,1,inf
miku-joint-reference-v2,prediction_noise,2,B3,B3-JointReference,1,1,0,4.945528067553731,2.292390774416751,9.0,9.0,1.0,4.555555555555555,41.0,2.0,0.0,2.1005512870722476,0,0,1518.8501970260404,1,1,,,,,
miku-joint-reference-v2,prediction_noise,2,MIKU,MIKU,0,0,0,12.11855273920569,3.02186889308035,,15.0,0.2187845296504906,0.9218647686940361,9.218647686940361,4.0,0.0,3.9999999999999964,0,1,22.270833957009017,2,1,infeasible,1,1,1,inf
miku-joint-reference-v2,prediction_noise,3,B3,B3-JointReference,1,1,0,6.107973475084959,2.3745319193457775,8.5,8.5,1.0,4.827268795515629,41.03178476188285,2.380719301629881,1.0,2.2721255062071997,0,0,1502.2902630153112,1,1,,,,,
miku-joint-reference-v2,prediction_noise,3,MIKU,MIKU,0,0,0,8.680235313377462,2.7062488973117285,,15.0,0.2087407351146422,0.8385248901212181,8.385248901212181,4.0,0.0,3.9999999999999964,0,1,20.274793030694127,2,1,infeasible,1,1,1,inf
miku-joint-reference-v2,prediction_noise,4,B3,B3-JointReference,0,0,0,7.693934516506094,2.1149927514815903,,15.0,0.6585365853658537,2.7,27.0,4.0,0.0,2.4097132021764858,0,1,616.3535959785804,1,1,,,,,
miku-joint-reference-v2,prediction_noise,4,MIKU,MIKU,0,0,0,8.599552096379615,2.1306128777246687,,15.0,0.23323560717347672,0.9665090583785745,9.665090583785744,4.0,0.0,3.9999999999999964,0,1,38.770296960137784,2,1,infeasible,1,1,1,inf
miku-joint-reference-v2,prediction_noise,5,B3,B3-JointReference,1,1,0,2.447876970948182,2.0286592464358613,8.5,8.5,1.0,4.827268795515629,41.03178476188285,3.497228994618002,1.0,2.3009695914167,0,0,1296.255269960966,1,1,,,,,
miku-joint-reference-v2,prediction_noise,5,MIKU,MIKU,0,0,0,6.8825694506283,2.0361091976683987,,15.0,0.23247848814799912,0.9567281952815655,9.567281952815655,4.0,0.0,3.9999999999999964,0,1,47.56746400380507,2,1,infeasible,1,1,1,inf
miku-joint-reference-v2,prediction_noise,6,B3,B3-JointReference,0,0,0,5.722084793165123,2.5792079903153415,,15.0,0.7682926829268293,3.15,31.5,4.567822424948915,0.0,2.809224580268965,0,1,1024.1096619865857,1,1,,,,,
miku-joint-reference-v2,prediction_noise,6,MIKU,MIKU,0,0,0,11.179995886752128,2.5928322195400746,,15.0,0.2071858362445066,0.8577898122020006,8.577898122020006,4.0,0.0,3.9999999999999964,0,1,26.723214949015528,2,1,infeasible,1,1,1,inf
miku-joint-reference-v2,prediction_noise,7,B3,B3-JointReference,0,0,0,2.1673311141453073,2.4869189585410907,,15.0,0.9878048780487805,4.05,40.5,3.560016857900088,0.0,2.32840600520894,0,1,1191.3883799570613,1,1,,,,,
miku-joint-reference-v2,prediction_noise,7,MIKU,MIKU,0,0,0,9.622183831209616,2.4361391825558725,,15.0,0.2909313713462415,1.195607060879174,11.95607060879174,4.0,0.0,4.000000000000014,0,1,44.50095200445503,2,1,infeasible,1,1,1,inf
miku-joint-reference-v2,prediction_noise,8,B3,B3-JointReference,0,0,0,3.4513966867564996,1.38642105042418,,15.0,0.6219512195121951,2.55,25.5,4.119120026426067,0.0,2.5683200490904565,0,1,337.313694995828,1,1,,,,,
miku-joint-reference-v2,prediction_noise,8,MIKU,MIKU,0,0,0,3.2217774857844113,1.2686253830987082,,15.0,0.30857482302135497,1.2649343457429327,12.649343457429326,4.0,0.0,3.9999999999999964,0,1,303.99658996611834,2,1,infeasible,1,1,1,inf
miku-joint-reference-v2,prediction_noise,9,B3,B3-JointReference,1,1,0,3.162970585543091,1.3768267036711925,7.5,7.5,1.0,5.466666666666667,41.0,2.8575898795029584,0.0,2.404216309771799,0,0,1943.213680991903,1,1,,,,,
miku-joint-reference-v2,prediction_noise,9,MIKU,MIKU,0,0,0,9.648534800532,3.675511740859861,,15.0,0.16451184434479055,0.6898374282109648,6.898374282109648,4.0,0.0,3.9999999999999964,0,1,22.01670699287206,2,1,infeasible,1,1,1,inf
miku-joint-reference-v2,delayed_crossing,0,B3,B3-JointReference,1,1,0,0.448332862099156,,4.0,4.0,1.0,8.263846526056122,33.05538610422449,0.5287747636342282,1.0,0.35251650908948545,0,0,764.7612289874814,1,1,,,,,
miku-joint-reference-v2,delayed_crossing,0,MIKU,MIKU,1,1,0,0.08926040507104017,0.2366119466375305,9.0,9.0,1.0,3.6666666666667975,33.00000000000118,3.9999999999999996,0.0,2.158539816329276,0,0,12.199771997984499,1,0,optimal,1,1,1,0.0
miku-joint-reference-v2,delayed_crossing,1,B3,B3-JointReference,0,1,1,0.3352958115471325,0.03048143741337568,3.5,14.0,1.0,9.428571428571429,33.0,2.3488416371267355,0.0,2.734095321596583,0,0,676.677101990208,1,1,,,,,
miku-joint-reference-v2,delayed_crossing,1,MIKU,MIKU,1,1,0,0.21360217910787538,0.5874024088671992,9.0,9.0,1.0,3.6666667777777775,33.000001,3.9999999999999996,0.0,1.7202089261721822,0,0,11.3440360291861,1,0,optimal,1,1,1,0.0
miku-joint-reference-v2,delayed_crossing,2,B3,B3-JointReference,0,1,1,0.46256257899399467,0.08228645175050046,3.0,14.0,1.0,11.0,33.0,2.488872627671821,0.0,2.0239391406562044,0,0,862.6095710205846,1,1,,,,,
miku-joint-reference-v2,delayed_crossing,2,MIKU,MIKU,1,1,0,0.20002289400910508,0.557042627420317,9.0,9.0,1.0,3.6666667777777775,33.000001,3.2627106229172247,0.0,1.3353606068181039,0,0,9.178261971101165,1,0,optimal,1,1,1,0.0
miku-joint-reference-v2,delayed_crossing,3,B3,B3-JointReference,1,1,0,0.4197490081216082,,4.0,4.0,1.0,8.257155542115077,33.02862216846031,2.0,1.0,1.4028239084098342,0,0,880.3226540330797,1,1,,,,,
miku-joint-reference-v2,delayed_crossing,3,MIKU,MIKU,1,1,0,0.10000482274489242,0.22275180325963106,9.0,9.0,1.0,3.6666666666666665,33.0,3.4376225254217347,0.0,1.4687483761374867,0,0,15.657861018553376,1,0,optimal,1,1,1,0.0
miku-joint-reference-v2,delayed_crossing,4,B3,B3-JointReference,0,1,1,0.27475834763427276,,3.5,14.0,1.0,9.435709827000226,33.02498439450079,0.05942447619434432,1.0,0.03961631746289621,0,0,689.9771499447525,1,1,,,,,
miku-joint-reference-v2,delayed_crossing,4,MIKU,MIKU,1,1,0,0.20154684284950747,0.42788752071855857,9.0,9.0,0.9999999999999968,3.666666666784457,33.000000001060116,4.00000000000023,0.0,3.0059707656572394,0,0,27.03271701466292,1,0,optimal,1,1,1,0.0
miku-joint-reference-v2,delayed_crossing,5,B3,B3-JointReference,0,1,1,0.4390324028013439,0.04645159974533239,3.5,14.0,1.0,9.428571428571429,33.0,2.54649747420045,0.0,2.1586672211353286,0,0,784.5617950079031,1,1,,,,,
miku-joint-reference-v2,delayed_crossing,5,MIKU,MIKU,1,1,0,0.2018180826771272,0.5214780173799433,9.0,9.0,1.0,3.6666667777777775,33.000001,3.9999999999999996,0.0,1.7169177021120532,0,0,23.005106020718813,1,0,optimal,1,1,1,0.0
miku-joint-reference-v2,delayed_crossing,6,B3,B3-JointReference,0,1,1,0.3942694203486625,0.039426942034866255,3.5,14.0,1.0,9.428571428571429,33.0,2.0,0.0,2.3669105915932556,0,0,692.4257560167462,1,1,,,,,
miku-joint-reference-v2,delayed_crossing,6,MIKU,MIKU,1,1,0,0.14158564892905595,0.4384650110182951,9.0,9.0,1.0,3.6666666666666665,33.0,3.901078958964021,0.0,1.6939579392903565,0,0,18.340757000260055,1,0,optimal,1,1,1,0.0
miku-joint-reference-v2,delayed_crossing,7,B3,B3-JointReference,0,1,1,0.20889326788252172,0.018990297080229247,3.5,14.0,1.0,9.428571428571429,33.0,2.311689802431225,0.0,2.7764013272711705,0,0,781.005713972263,1,1,,,,,
miku-joint-reference-v2,delayed_crossing,7,MIKU,MIKU,1,1,0,0.19640956769121945,0.6192829768496668,9.0,9.0,1.0,3.6666667777777775,33.000001,3.7045694751239946,0.0,1.5615605919331514,0,0,12.936229992192239,1,0,optimal,1,1,1,0.0
miku-joint-reference-v2,delayed_crossing,8,B3,B3-JointReference,1,1,0,0.3254207845408019,,4.0,4.0,1.0,8.263846526056122,33.05538610422449,0.006611386201655023,1.0,0.004407590801103348,0,0,715.6903930008411,1,1,,,,,
miku-joint-reference-v2,delayed_crossing,8,MIKU,MIKU,1,1,0,0.11260663080876965,0.17207328017975368,9.0,9.0,0.9999999999999429,3.666666666707757,33.000000000369816,4.000000000000094,0.0,2.6493501115930913,0,0,38.96435600472614,1,0,optimal,1,1,1,0.0
miku-joint-reference-v2,delayed_crossing,9,B3,B3-JointReference,1,1,0,0.4900584083364594,,4.5,4.5,1.0,7.3350677523267445,33.00780488547035,0.6885541992005919,1.0,0.4590361328003946,0,0,978.4427529666573,1,1,,,,,
miku-joint-reference-v2,delayed_crossing,9,MIKU,MIKU,1,1,0,0.13035194320589372,,8.3,8.3,1.0,3.975815091378241,32.9992652584394,1.9831724150919487,0.0,0.541863828901178,0,0,125.85743999807164,1,0,optimal,2,2,1,0.0
