case_kind,method,label,n,success_rate,collision_rate,progress_ratio_mean,runtime_p95_ms
crossing_pedestrian,A1,w/o arrival projection,100,1.0,0.0,0.9999999999999999,24.322917619429052
crossing_pedestrian,A2,w/o longitudinal grouping,100,1.0,0.0,0.9999999999999999,24.65753169381059
crossing_pedestrian,A3,w/o Top-K spatial homotopy,100,1.0,0.0,0.9999999999999999,24.877765463315875
crossing_pedestrian,A4,w/o threat-aware margin,100,1.0,0.0,0.9999999999999999,24.703360629791852
crossing_pedestrian,A5,w/o temporal homotopy graph,100,0.47,0.0,0.6172265737619195,47.324883341207126
crossing_pedestrian,A6,w/o robust occupancy tube,100,1.0,0.0,0.9999999999999999,24.478583085874554
crossing_pedestrian,A7,w/o alternating refinement,100,1.0,0.0,0.9999999999999999,24.042314547114064
crossing_pedestrian,MIKU,MIKU,100,1.0,0.0,0.9999999999999999,24.12245213490677
vehicle_cut_in,A1,w/o arrival projection,100,0.82,0.0,0.930052855281788,39.02036630315703
vehicle_cut_in,A2,w/o longitudinal grouping,100,0.82,0.0,0.9232824415588496,50.01884045777842
vehicle_cut_in,A3,w/o Top-K spatial homotopy,100,0.82,0.0,0.9232824415588496,49.82546594546874
vehicle_cut_in,A4,w/o threat-aware margin,100,0.82,0.0,0.9175607237279781,49.67987009586067
vehicle_cut_in,A5,w/o temporal homotopy graph,100,0.82,0.0,0.9232824415588496,50.22496094898087
vehicle_cut_in,A6,w/o robust occupancy tube,100,0.82,0.0,0.9232824415588496,49.87303450034232
vehicle_cut_in,A7,w/o alternating refinement,100,0.79,0.0,0.9016374503242086,30.56302578770555
vehicle_cut_in,MIKU,MIKU,100,0.82,0.0,0.9232824415588496,49.88351103384047
parked_and_oncoming,A1,w/o arrival projection,100,0.68,0.0,0.7921724478770265,60.68769264238654
parked_and_oncoming,A2,w/o longitudinal grouping,100,0.65,0.0,0.7511267164783605,59.503200263134204
parked_and_oncoming,A3,w/o Top-K spatial homotopy,100,0.58,0.0,0.6990343660902303,58.981736267742235
parked_and_oncoming,A4,w/o threat-aware margin,100,0.57,0.0,0.6980314122250572,82.42894288705428
parked_and_oncoming,A5,w/o temporal homotopy graph,100,0.67,0.0,0.7795134731791664,57.65199790184851
parked_and_oncoming,A6,w/o robust occupancy tube,100,0.67,0.0,0.7795134731791664,57.606275862781324
parked_and_oncoming,A7,w/o alternating refinement,100,0.67,0.0,0.7795134731791664,58.316936784831334
parked_and_oncoming,MIKU,MIKU,100,0.67,0.0,0.7795134731791664,57.599530456354834
narrow_multi_obstacle,A1,w/o arrival projection,100,0.74,0.0,0.830256417067791,30.656374433601723
narrow_multi_obstacle,A2,w/o longitudinal grouping,100,0.74,0.0,0.830256417067791,30.672638330725004
narrow_multi_obstacle,A3,w/o Top-K spatial homotopy,100,0.05,0.0,0.39243592208763844,58.205236301000696
narrow_multi_obstacle,A4,w/o threat-aware margin,100,0.01,0.0,0.34769233344372596,53.6626142435125
narrow_multi_obstacle,A5,w/o temporal homotopy graph,100,0.74,0.0,0.830256417067791,30.750090804940537
narrow_multi_obstacle,A6,w/o robust occupancy tube,100,0.74,0.0,0.830256417067791,30.777143973682524
narrow_multi_obstacle,A7,w/o alternating refinement,100,0.74,0.0,0.830256417067791,30.597300939552934
narrow_multi_obstacle,MIKU,MIKU,100,0.74,0.0,0.830256417067791,30.49975264875682
interleaved_dynamic,A1,w/o arrival projection,100,1.0,0.0,1.0,46.73967411072226
interleaved_dynamic,A2,w/o longitudinal grouping,100,1.0,0.0,1.0,42.41846728546079
interleaved_dynamic,A3,w/o Top-K spatial homotopy,100,1.0,0.0,1.0,42.394354796851985
interleaved_dynamic,A4,w/o threat-aware margin,100,1.0,0.0,1.0,42.25879854202503
interleaved_dynamic,A5,w/o temporal homotopy graph,100,0.52,0.0,0.6021217427261361,86.665337618615
interleaved_dynamic,A6,w/o robust occupancy tube,100,1.0,0.0,1.0,42.16633759933756
interleaved_dynamic,A7,w/o alternating refinement,100,1.0,0.0,1.0,42.440558467933435
interleaved_dynamic,MIKU,MIKU,100,1.0,0.0,1.0,42.49002761935117
prediction_noise,A1,w/o arrival projection,100,0.17,0.0,0.36393639597456806,45.50410225929223
prediction_noise,A2,w/o longitudinal grouping,100,0.17,0.0,0.3680621503370913,43.898343823093455
prediction_noise,A3,w/o Top-K spatial homotopy,100,0.17,0.0,0.3680621503370913,44.572220036934596
prediction_noise,A4,w/o threat-aware margin,100,0.17,0.0,0.3668426381583405,44.15497884037904
prediction_noise,A5,w/o temporal homotopy graph,100,0.17,0.0,0.3680621503370913,44.83359718724386
prediction_noise,A6,w/o robust occupancy tube,100,0.33,0.1,0.6051906679318886,34.96185901603894
prediction_noise,A7,w/o alternating refinement,100,0.17,0.0,0.3680621503370913,22.518392049823888
prediction_noise,MIKU,MIKU,100,0.17,0.0,0.3680621503370913,45.022347758640535
delayed_crossing,A1,w/o arrival projection,100,0.87,0.01,0.9407666242298578,255.81610680092118
delayed_crossing,A2,w/o longitudinal grouping,100,0.87,0.01,0.9407666242298578,252.19263881590442
delayed_crossing,A3,w/o Top-K spatial homotopy,100,0.87,0.01,0.9407666242298578,253.09603102941756
delayed_crossing,A4,w/o threat-aware margin,100,0.87,0.01,0.9407666242298578,243.1034454391919
delayed_crossing,A5,w/o temporal homotopy graph,100,0.4,0.01,0.629752505698451,260.8912145646172
delayed_crossing,A6,w/o robust occupancy tube,100,0.87,0.01,0.9407666242298578,249.97268104489183
delayed_crossing,A7,w/o alternating refinement,100,0.87,0.01,0.9407666242298578,189.4084933883276
delayed_crossing,MIKU,MIKU,100,0.87,0.01,0.9407666242298578,252.2246570180868
all,A1,w/o arrival projection,700,0.7542857142857143,0.0014285714285714286,0.8367406772044329,61.53870200505477
all,A2,w/o longitudinal grouping,700,0.75,0.0014285714285714286,0.8304991928102785,59.84636115172176
all,A3,w/o Top-K spatial homotopy,700,0.6414285714285715,0.0014285714285714286,0.7605116434719525,60.58110360172577
all,A4,w/o threat-aware margin,700,0.6342857142857142,0.0014285714285714286,0.7529848188264229,62.95372371387193
all,A5,w/o temporal homotopy graph,700,0.5414285714285715,0.0014285714285714286,0.6786021863327721,75.7875352501287
all,A6,w/o robust occupancy tube,700,0.7757142857142857,0.015714285714285715,0.8684299462810792,59.99152731674257
all,A7,w/o alternating refinement,700,0.7485714285714286,0.0014285714285714286,0.8314623021625879,56.45616844994945
all,MIKU,MIKU,700,0.7528571428571429,0.0014285714285714286,0.8345544437675366,60.10806935955769
