scenario,variant,trial,success,s_end,jerk_rms,l_max_dev
01_crossing_ped,threat_weights,0,1,24.0,0.6039644109694743,0.6894972032140616
01_crossing_ped,threat_weights,1,1,24.0,0.6039644109694743,0.6688938432220282
01_crossing_ped,threat_weights,2,1,24.0,0.6039644109694743,0.682252026293764
01_crossing_ped,threat_weights,3,1,24.0,0.6039644109694743,0.6817944380573066
01_crossing_ped,threat_weights,4,1,24.0,0.6039644109694743,0.6785979472766198
01_crossing_ped,threat_weights,5,1,24.0,0.6039644109694743,0.687675476521823
01_crossing_ped,threat_weights,6,1,24.0,0.6039644109694743,0.6846492902291182
01_crossing_ped,threat_weights,7,1,24.0,0.6039644109694743,0.6839055771158473
01_crossing_ped,threat_weights,8,1,24.0,0.6039644109694743,0.6824494267214404
01_crossing_ped,threat_weights,9,1,24.0,0.6039644109694743,0.6948906556335255
01_crossing_ped,threat_weights,10,1,24.0,0.6039644109694743,0.675627194237945
01_crossing_ped,threat_weights,11,1,24.0,0.6039644109694743,0.6839768518811132
01_crossing_ped,threat_weights,12,1,24.0,0.6039644109694743,0.680960931671257
01_crossing_ped,threat_weights,13,1,24.0,0.6039644109694743,0.6809306281526469
01_crossing_ped,threat_weights,14,1,24.0,0.6039644109694743,0.6861217284672624
01_crossing_ped,threat_weights,15,1,24.0,0.6039644109694743,0.6840153562882093
01_crossing_ped,threat_weights,16,1,24.0,0.6039644109694743,0.6881567171712409
01_crossing_ped,threat_weights,17,1,24.0,0.6039644109694743,0.6733483997913071
01_crossing_ped,threat_weights,18,1,24.0,0.6039644109694743,0.6884749463604466
01_crossing_ped,threat_weights,19,1,24.0,0.6039644109694743,0.6738589417687436
02_ped_plus_parked,threat_weights,0,1,31.0,0.40012187547720895,0.668809371461623
02_ped_plus_parked,threat_weights,1,1,31.0,0.40012187547720895,0.6585737813734774
02_ped_plus_parked,threat_weights,2,1,31.0,0.40012187547720895,0.6692406708239688
02_ped_plus_parked,threat_weights,3,1,31.0,0.40012187547720895,0.6639680148528508
02_ped_plus_parked,threat_weights,4,1,31.0,0.40012187547720895,0.6587987715268253
02_ped_plus_parked,threat_weights,5,1,31.0,0.40012187547720895,0.6565303890574635
02_ped_plus_parked,threat_weights,6,1,31.0,0.40012187547720895,0.6709633243595203
02_ped_plus_parked,threat_weights,7,1,31.0,0.40012187547720895,0.6642173009780239
02_ped_plus_parked,threat_weights,8,1,31.0,0.40012187547720895,0.6583901613212523
02_ped_plus_parked,threat_weights,9,1,31.0,0.40012187547720895,0.6551270145136601
02_ped_plus_parked,threat_weights,10,1,31.0,0.40012187547720895,0.6517956606893089
02_ped_plus_parked,threat_weights,11,1,31.0,0.40012187547720895,0.6630893056106258
02_ped_plus_parked,threat_weights,12,1,31.0,0.40012187547720895,0.6593963880565764
02_ped_plus_parked,threat_weights,13,1,31.0,0.40012187547720895,0.6670814265436126
02_ped_plus_parked,threat_weights,14,1,31.0,0.40012187547720895,0.6534415771326035
02_ped_plus_parked,threat_weights,15,1,31.0,0.40012187547720895,0.6692935202452314
02_ped_plus_parked,threat_weights,16,1,31.0,0.40012187547720895,0.6615266053664541
02_ped_plus_parked,threat_weights,17,1,31.0,0.40012187547720895,0.6588577507365437
02_ped_plus_parked,threat_weights,18,1,31.0,0.40012187547720895,0.650709564063508
02_ped_plus_parked,threat_weights,19,1,31.0,0.40012187547720895,0.6607395318161383
03_narrow_cones,threat_weights,0,1,49.0,0.03316550594537274,0.0
03_narrow_cones,threat_weights,1,1,49.0,0.03316550594537274,0.0
03_narrow_cones,threat_weights,2,1,49.0,0.03316550594537274,0.0
03_narrow_cones,threat_weights,3,1,49.0,0.03316550594537274,0.0
03_narrow_cones,threat_weights,4,1,49.0,0.03316550594537274,0.0
03_narrow_cones,threat_weights,5,1,49.0,0.03316550594537274,0.0
03_narrow_cones,threat_weights,6,1,49.0,0.03316550594537274,0.0
03_narrow_cones,threat_weights,7,1,49.0,0.03316550594537274,0.0
03_narrow_cones,threat_weights,8,1,49.0,0.03316550594537274,0.0
03_narrow_cones,threat_weights,9,1,49.0,0.03316550594537274,0.0
03_narrow_cones,threat_weights,10,1,49.0,0.03316550594537274,0.0
03_narrow_cones,threat_weights,11,1,49.0,0.03316550594537274,0.0
03_narrow_cones,threat_weights,12,1,49.0,0.03316550594537274,0.0
03_narrow_cones,threat_weights,13,1,49.0,0.03316550594537274,0.0
03_narrow_cones,threat_weights,14,1,49.0,0.03316550594537274,0.0
03_narrow_cones,threat_weights,15,1,49.0,0.03316550594537274,0.0
03_narrow_cones,threat_weights,16,1,49.0,0.03316550594537274,0.0
03_narrow_cones,threat_weights,17,1,49.0,0.03316550594537274,0.0
03_narrow_cones,threat_weights,18,1,49.0,0.03316550594537274,0.0
03_narrow_cones,threat_weights,19,1,49.0,0.03316550594537274,0.0
04_dense_construction,threat_weights,0,1,84.0,0.02511318747575181,3.841359377177306
04_dense_construction,threat_weights,1,1,84.0,0.02511318747575181,3.836653770015114
04_dense_construction,threat_weights,2,1,84.0,0.02511318747575181,3.831687781643072
04_dense_construction,threat_weights,3,1,84.0,0.02511318747575181,3.8361582962114666
04_dense_construction,threat_weights,4,1,84.0,0.02511318747575181,3.8336591967479943
04_dense_construction,threat_weights,5,1,84.0,0.02511318747575181,3.8364232852158535
04_dense_construction,threat_weights,6,1,84.0,0.02511318747575181,3.838518022774688
04_dense_construction,threat_weights,7,1,84.0,0.02511318747575181,3.8377769802261836
04_dense_construction,threat_weights,8,1,84.0,0.02511318747575181,3.841000531266279
04_dense_construction,threat_weights,9,1,84.0,0.02511318747575181,3.8367888694130405
04_dense_construction,threat_weights,10,1,84.0,0.02511318747575181,3.8271440530130625
04_dense_construction,threat_weights,11,1,84.0,0.02511318747575181,3.833680805138396
04_dense_construction,threat_weights,12,1,84.0,0.02511318747575181,3.835594687744666
04_dense_construction,threat_weights,13,1,84.0,0.02511318747575181,3.8352852081088558
04_dense_construction,threat_weights,14,1,84.0,0.02511318747575181,3.833257614125645
04_dense_construction,threat_weights,15,1,84.0,0.02511318747575181,3.843632228259999
04_dense_construction,threat_weights,16,1,84.0,0.02511318747575181,3.8317970479132284
04_dense_construction,threat_weights,17,1,84.0,0.02511318747575181,3.8304286694175365
04_dense_construction,threat_weights,18,1,84.0,0.02511318747575181,3.8428849956020192
04_dense_construction,threat_weights,19,1,84.0,0.02511318747575181,3.837024571960959
01_crossing_ped,tau_-20pct,0,0,19.38961983389144,2.0432923012217676,0.0
01_crossing_ped,tau_+20pct,0,1,24.0,0.6039644109694743,0.36320596103752306
01_crossing_ped,obstacle_speed_-0.5mps,0,0,0.0,0.0,0.0
01_crossing_ped,obstacle_speed_+0.5mps,0,1,24.0,0.6039644109694743,0.6024492113937824
01_crossing_ped,obstacle_lateral_-0.2m,0,0,0.0,0.0,0.0
01_crossing_ped,obstacle_lateral_+0.2m,0,1,24.0,0.6039644109694743,0.47881119616976503
02_ped_plus_parked,tau_-20pct,0,0,0.0,0.0,0.0
02_ped_plus_parked,tau_+20pct,0,1,30.99999999998246,0.5191666145045568,0.5062808657484122
02_ped_plus_parked,obstacle_speed_-0.5mps,0,0,0.0,0.0,0.0
02_ped_plus_parked,obstacle_speed_+0.5mps,0,1,31.0,0.40012187547720895,0.5631184425593544
02_ped_plus_parked,obstacle_lateral_-0.2m,0,0,0.0,0.0,0.0
02_ped_plus_parked,obstacle_lateral_+0.2m,0,1,31.0,0.40012187547720895,0.4458297450459678
03_narrow_cones,tau_-20pct,0,1,49.0,0.03316550594537274,0.0
03_narrow_cones,tau_+20pct,0,1,49.0,0.03316550594537274,0.0
03_narrow_cones,obstacle_speed_-0.5mps,0,1,49.0,0.03316550594537274,0.0
03_narrow_cones,obstacle_speed_+0.5mps,0,1,49.0,0.03316550594537274,0.0
03_narrow_cones,obstacle_lateral_-0.2m,0,1,49.0,0.03316550594537274,0.10070385564396099
03_narrow_cones,obstacle_lateral_+0.2m,0,1,49.0,0.03316550594537274,0.17248983550815133
04_dense_construction,tau_-20pct,0,1,84.0,0.02511318747575181,3.8346054096397455
04_dense_construction,tau_+20pct,0,1,84.0,0.02511318747575181,3.8346054096397455
04_dense_construction,obstacle_speed_-0.5mps,0,1,84.0,0.02511318747575181,3.8346054096397455
04_dense_construction,obstacle_speed_+0.5mps,0,1,84.0,0.02511318747575181,3.8346054096397455
04_dense_construction,obstacle_lateral_-0.2m,0,1,84.0,0.02511318747575181,3.6303773740373457
04_dense_construction,obstacle_lateral_+0.2m,0,1,84.0,0.02511318747575181,4.0388333293029195
