scenario,variant,C1_tau,C2_group,C3_maxgap,C4_delta,C5_corridor,C6_robust,success,blocked,v_avg,t_arrive,s_end,s_target,jerk_rms,a_y_max,kappa_rms,l_max_dev,tau_violation,decision_switches,qp_path_ms,qp_speed_ms,qp_total_ms
01_crossing_ped,M0_baseline,0,0,0,0,0,0,1,0,4.8365,5.0,24.0,24.0,2.3705,0.0,0.0,0.0,0,0,0.0491,3.6089,3.6581
01_crossing_ped,M1_no_C1,0,1,1,1,1,1,1,0,4.8502,5.0,24.0,24.0,2.8852,0.0,0.0,0.0,0,0,0.0425,4.4917,4.5341
01_crossing_ped,M2_no_C2,1,0,1,1,1,1,1,0,4.8502,5.0,24.0,24.0,2.8852,0.0,0.0,0.0,0,0,0.0386,4.4354,4.474
01_crossing_ped,M3_no_C3,1,1,0,1,1,1,1,0,4.8502,5.0,24.0,24.0,2.8852,0.0,0.0,0.0,0,0,0.0476,4.4551,4.5026
01_crossing_ped,M4_no_C4,1,1,1,0,1,1,1,0,4.8502,5.0,24.0,24.0,2.8852,0.0,0.0,0.0,0,0,0.0368,4.4225,4.4593
01_crossing_ped,M5_no_C5,1,1,1,1,0,1,1,0,4.7882,5.0,24.0,24.0,0.604,1.0665,0.006779,0.6843,0,1,0.1824,0.6047,0.7871
01_crossing_ped,M6_no_C6,1,1,1,1,1,0,1,0,4.8502,5.0,24.0,24.0,2.8852,0.0,0.0,0.0,0,0,0.0398,4.4025,4.4423
01_crossing_ped,M7_full,1,1,1,1,1,1,1,0,4.8502,5.0,24.0,24.0,2.8852,0.0,0.0,0.0,0,0,0.0406,4.3799,4.4205
02_ped_plus_parked,M0_baseline,0,0,0,0,0,0,0,1,2.502,11.5,16.0,31.0,2.8753,0.0,0.0,0.0,0,0,0.0488,20.8293,20.878
02_ped_plus_parked,M1_no_C1,0,1,1,1,1,1,1,0,4.8217,6.5,31.0,31.0,3.1503,0.1945,0.002421,0.5146,0,1,0.2399,26.3492,26.5891
02_ped_plus_parked,M2_no_C2,1,0,1,1,1,1,1,0,4.8217,6.5,31.0,31.0,3.1503,0.1945,0.002421,0.5146,0,1,0.2374,26.5297,26.7671
02_ped_plus_parked,M3_no_C3,1,1,0,1,1,1,1,0,4.8217,6.5,31.0,31.0,3.1503,0.1945,0.002421,0.5146,0,1,0.2419,26.3287,26.5706
02_ped_plus_parked,M4_no_C4,1,1,1,0,1,1,1,0,4.8217,6.5,31.0,31.0,3.1503,0.2162,0.002691,0.572,0,1,0.1813,26.3033,26.4846
02_ped_plus_parked,M5_no_C5,1,1,1,1,0,1,1,0,4.7649,6.5,31.0,31.0,0.4001,1.3367,0.006877,0.6591,0,1,0.2019,0.4825,0.6844
02_ped_plus_parked,M6_no_C6,1,1,1,1,1,0,1,0,4.8217,6.5,31.0,31.0,3.1503,0.1945,0.002421,0.5146,0,1,0.2379,26.2258,26.4637
02_ped_plus_parked,M7_full,1,1,1,1,1,1,1,0,4.8217,6.5,31.0,31.0,3.1503,0.1945,0.002421,0.5146,0,1,0.2421,26.3246,26.5667
03_narrow_cones,M0_baseline,0,0,0,0,0,0,0,1,1.68,19.0,16.0,49.0,0.1895,0.0,0.0,0.0,0,0,0.0609,1.3313,1.3922
03_narrow_cones,M1_no_C1,0,1,1,1,1,1,1,0,3.5013,14.0,49.0,49.0,0.0332,0.0,0.0,0.0,0,0,0.0558,1.0538,1.1096
03_narrow_cones,M2_no_C2,1,0,1,1,1,1,1,0,3.5013,14.0,49.0,49.0,0.0332,0.0,0.0,0.0,0,0,0.0556,1.0296,1.0852
03_narrow_cones,M3_no_C3,1,1,0,1,1,1,0,1,1.68,19.0,16.0,49.0,0.1895,0.0,0.0,0.0,0,0,0.0607,1.3092,1.3699
03_narrow_cones,M4_no_C4,1,1,1,0,1,1,0,1,1.68,19.0,16.0,49.0,0.1895,0.0,0.0,0.0,0,0,0.062,1.3047,1.3667
03_narrow_cones,M5_no_C5,1,1,1,1,0,1,1,0,3.5013,14.0,49.0,49.0,0.0332,0.0,0.0,0.0,0,0,0.0558,1.0322,1.0879
03_narrow_cones,M6_no_C6,1,1,1,1,1,0,1,0,3.5013,14.0,49.0,49.0,0.0332,0.0,0.0,0.0,0,0,0.0557,1.0278,1.0835
03_narrow_cones,M7_full,1,1,1,1,1,1,1,0,3.5013,14.0,49.0,49.0,0.0332,0.0,0.0,0.0,0,0,0.0564,1.028,1.0844
04_dense_construction,M0_baseline,0,0,0,0,0,0,0,1,2.241,20.0,23.0,84.0,0.2804,0.1229,0.011027,3.5125,0,69,0.2166,1.2989,1.5155
04_dense_construction,M1_no_C1,0,1,1,1,1,1,1,0,5.601,15.0,84.0,84.0,0.0251,1.9331,0.01355,3.8346,0,7,1.3721,1.1156,2.4877
04_dense_construction,M2_no_C2,1,0,1,1,1,1,0,1,2.241,20.0,23.0,84.0,0.2804,0.1249,0.011211,3.5713,0,29,0.2191,1.2606,1.4798
04_dense_construction,M3_no_C3,1,1,0,1,1,1,1,0,5.601,15.0,84.0,84.0,0.0251,1.9331,0.01355,3.8346,0,7,1.3665,1.0884,2.4549
04_dense_construction,M4_no_C4,1,1,1,0,1,1,1,0,5.601,15.0,84.0,84.0,0.0251,1.9939,0.014008,3.9358,0,19,1.5309,1.084,2.6149
04_dense_construction,M5_no_C5,1,1,1,1,0,1,1,0,5.601,15.0,84.0,84.0,0.0251,1.9331,0.01355,3.8346,0,7,1.3645,1.0861,2.4507
04_dense_construction,M6_no_C6,1,1,1,1,1,0,1,0,5.601,15.0,84.0,84.0,0.0251,1.9331,0.01355,3.8346,0,7,1.3688,1.0944,2.4632
04_dense_construction,M7_full,1,1,1,1,1,1,1,0,5.601,15.0,84.0,84.0,0.0251,1.9331,0.01355,3.8346,0,7,1.3654,1.0898,2.4552
